Conte√∫do,T√≠tulo do v√≠deo,Hor√°rio de publica√ß√£o do v√≠deo,Visualiza√ß√µes,Tempo de exibi√ß√£o (horas),Inscritos,Receita estimada (USD),Impress√µes,Taxa de cliques de impress√µes (%)
Total,,,32691244,1502418.2753,89407,18472.646,182898939,11.42
MB8ilXEUvRs,"Pedro Cardoso implode debate na CNN, acaba com Moro e Bolsonaro e critica o jornalismo capitalista","Mar 25, 2023",758264,56634.0561,6426,914.456,4925189,10.04
oB1rpOQCr0Y,üòÇ Bolsonaristas passam muita vergonha na CPI do MST diante de Professor! Veja os melhores momentos,"Jun 15, 2023",480575,72356.6088,2686,842.328,4639818,7.1
6s0bWKs_c6w,‚ú®Brilhante! Pastor Henrique Vieira desmonta ex-chefe da PRF e exp√µe golpismo fracassado de Bolsonaro,"Jun 21, 2023",460642,41731.487,1571,567.128,3147563,9.72
9OsyoilhVYM,‚ÄéÔ∏è‚Äçüî•Senado pega fogo!‚ÄéÔ∏è‚Äçüî• Dino janta S√©rgio Moro ao vivo. Assista!,"May 9, 2023",671531,39763.6888,2243,561.433,4179108,10.87
hKZrvYmwRaU,Ministro Fl√°vio Dino detona Fl√°vio Bolsonaro no Senado!,"May 9, 2023",679075,43214.0849,2416,539.573,5017878,9.24
XHD-8tbQ1S0,Fl√°vio Dino atropela bolsonaristas na c√¢mara! Melhores momentos da oposi√ß√£o passando muita vergonha!,"Mar 29, 2023",784512,41551.6022,3124,531.289,4221050,14.98
ojZxkX1E4s0,"üî• ""Voc√™s s√£o o lixo do Ex√©rcito Brasileiro"" Rog√©rio Carvalho joga duro com coronel que tramou golpe","Jun 27, 2023",463112,39448.0522,1620,480.762,3084874,10.22
HndAo4OH6hk,Boris Casoy defende Dallagnol e √© massacrado ao vivo por promotor de justi√ßa!,"May 27, 2023",421043,24322.7405,1980,397.747,3289985,9.44
P4ou1Ur1tZQ,Pastor Henrique Vieira revela como fanatismo por Bolsonaro motivou atentado golpista | CPMI do Golpe,"Jun 23, 2023",444468,33267.2008,1215,380.921,3117465,9.75
zdgMUpCODEU,Bolsonaristas passam vergonha no senado! Randolfe e Contarato destroem Moro,"May 9, 2023",418504,16065.8685,1050,379.304,1802261,19.13
jZ2BE4IfhqQ,"Hist√©rico, Eduardo Bolsonaro surta e ataca deputado do PT! Veja a rea√ß√£o dos parlamentares ao caso","Apr 19, 2023",572546,47993.5676,1332,374.563,3324097,11.41
ebeT8VX83pQ,Jandira aperta Coronel e arranca provas contra Bolsonaro na CPMI do Golpe! ‚ö°Ô∏èA casa vai cair!‚ö°Ô∏è,"Jun 28, 2023",272704,24240.5981,599,350.166,1967597,9.37
 -y63uOiyJv4,Deltan Dallagnol tenta lacrar e √© desmontado por Fl√°vio Dino em audi√™ncia na C√¢mara!,"May 6, 2023",387238,30934.627,1136,326.251,2840113,7.68
iMhyrMpKStI,"üí£ ""A verdade d√≥i"" üí£ Contarato aponta coniv√™ncia da PMDF com golpe e bolsonaristas se desesperam!","Jun 26, 2023",324074,31825.0106,764,320.009,2668186,7.66
ISsQ5teIdgI,"Boulos ""janta"" Ricardo Salles e desmascara Coronel Cid e Bolsonaro ao vivo!","May 20, 2023",355417,17072.597,1069,312.186,2466334,11.19
X1zZ1K_Gm8Y,"üí£ Bomba no Arthur Lira üí£ Sua ex-esposa, Jullyene Lins, conta tudo sobre as malas de dinheiro! üí∏","Jun 7, 2023",345193,20581.009,1176,305.291,2466441,9.22
xlQ7J5H6EwE,Explosivo! üí£ Duarte acusa Coronel Laward de conspira√ß√£o e desmascara Mauro Cid na CPMI do Golpe!,"Jun 27, 2023",238716,26106.359,414,246.596,1757602,8.45
FHojtX7SDqI,üî• CPMI Pega FOGO üî• Senador Contarato exp√µe mentiras e crimes de Silvinei Vasques,"Jun 20, 2023",234266,23940.3277,535,222.475,1397817,10.18
sAt2aM916ps,"üî• CPMI Pega Fogo üî• Ex√©rcito e GSI ocultaram crimes do golpe bolsonarista, revela ex-chefe da PMDF","Jun 26, 2023",202975,27556.6067,340,215.934,1348756,9.77
DXVDhWJ03v4,"Mario Frias surta, agride jornalista e deputada S√¢mia Bomfim detona ex secret√°rio de cultura!","May 11, 2023",360113,11406.3221,652,207.757,1670763,18.17
GQYZwrzgFUk,Lula manda ligar para Globonews ao vivo para desmentir Jorge Pontual sobre o Minha Casa Minha Vida,"Jun 19, 2023",372040,7823.0788,752,198.062,1626690,18.56
szp68p84VhA,"Erika Hilton abala Bolsonaro e Silvinei, Ex-chefe PRF, na CPMI do Golpe! ""N√£o deixaremos passar.""","Jun 21, 2023",224265,13833.0197,422,182.836,1249815,12.35
5zOzXS9EfT4,"Pastor Henrique Vieira acaba com a farsa golpista na CPMI ü§Ø ""Estamos chegando em Bolsonaro""","Jun 27, 2023",202654,17074.2556,486,182.642,1554361,8.19
1o014w0pwSA,Ricardo Salles tenta calar Tal√≠ria! Deputada desmascara toda bancada bolsonarista na CPI do MST,"May 31, 2023",275357,17352.8908,669,176.549,1460498,14.03
JXiyTZH_vgw,"""Mentira tem perna curta"" üí• Rog√©rio Correa desmascara coronel que implorou golpe de Bolsonaro","Jun 27, 2023",186434,17210.5273,344,163.325,1770055,5.49
771xUTBK2qA,"Gleisi aniquila CPI do MST em 5 minutos! ""Essa comiss√£o vai ser questionada no judici√°rio, sim""","May 31, 2023",218223,10307.7559,437,159.952,1064321,15.88
XJdy1-Zk4RE,Invertida √©pica: Silvio Almeida pleno desmascara deputado armamentista,"Apr 28, 2023",270990,7882.6446,636,158.966,1161667,21.13
naP26ygBuoE,Lewandowski exp√µe a farsa de S√©rgio Moro na Lava Jato para beneficiar Bolsonaro em 2018,"Apr 12, 2023",207651,4820.3331,770,143.591,1157657,16.48
5Xz-Id-RdP8,"""N√£o v√£o nos calar!"" Fernanda, Samia e Tal√≠ria n√£o se intimidam com a misoginia no conselho de √©tica","Jun 14, 2023",140011,11061.6084,300,140.982,970160,9.53
S7gEwNegWoQ,"O choro √© livre! Gleisi, Lindbergh e Alencar v√£o pra cima da bancada desesperada dos bolsonarista","May 10, 2023",182812,11083.2729,536,140.947,994506,15.09
dh1Yi6ggw2E,"""O futuro dessa fam√≠lia e do Bolsonaro √© a cadeia!"" Lindbergh vai para cima dos bolsonarista","May 17, 2023",159664,4909.6418,478,138.531,865443,15.55
wmYjGsXozgA,Eduardo Bolsonaro desmascarado por Fernanda Melchiona na CPMI do golpe: Chega de falsidade!,"Jun 6, 2023",197377,5950.1056,402,137.9,973501,15.69
46JRk78VoIg,üî• CPMI pega fogo üî• Eduardo Bolsonaro chora a derrota do pai e √© esculachado por Melchiona e Gleisi,"Apr 26, 2023",227794,6797.4683,451,130.449,851307,22.52
P-YgI0fPhTA,BOLSONARO QUASE INELEG√çVEL! Minist√©rio p√∫blico pede condena√ß√£o no julgamento do TSE | Confira resumo,"Jun 22, 2023",183862,8137.1371,362,128.67,997208,14.11
S5qancEO7KA,Bolsonarista expulso! Erika Hilton detona deputado do PL que invade CPMI do Golpe s√≥ para tumultuar,"May 25, 2023",209556,6278.9049,402,128.357,913652,18.26
h3Umt5RDoxY,Guga Chacra desrespeita Celso Amorim ao vivo na Globonews,"Apr 19, 2023",229083,6426.8851,375,127.423,1105202,17.22
b9A4t3erKUc,Para desespero dos Bolsonaristas! Randolfe Rodrigues afirma: a investiga√ß√£o segue na CPMI,"Jun 8, 2023",172844,7946.1804,349,123.729,808548,16.41
hHOitwOK28g,MST no Flow: St√©dille d√° aula e explica a reforma agr√°ria de forma clara e objetiva!,"Jun 3, 2023",138282,6646.3249,472,122.618,1267506,7.96
E-9tGIxFcVE,Deltan n√£o cansa de passar vergonha! Jurista intima o deputado para debater com fala avassaladora üî•,"May 7, 2023",161694,5926.0916,443,120.692,964918,13.54
GK_Hia8YzaE,Fraude nas elei√ß√µes! PRF comandada por Bolsonaro fiscalizou 2185 √¥nibus no Nordeste e 571 no Sudeste,"Apr 21, 2023",278213,6546.9073,419,117.496,1272600,19.04
9Bg915nHtE4,Assista e se emocione! üí´ Lula d√° li√ß√£o de coragem e empareda presidentes do norte O PAI DEU O PAPO üí´,"Jun 23, 2023",123779,10036.6404,404,115.217,1113877,7.45
nWwqx0kDMF8,"CPMI do golpe, CPI do MST e muito Bolsonarista passando vergonha! Confira o resumo da semana","May 27, 2023",143752,10882.9997,300,113.617,895169,12.7
N64PmY0KqBE,Desespero Bolsonarista: Contarato explica crimes e responsabilidades dos atos golpistas com maestria,"Jun 6, 2023",177723,7884.0896,365,112.639,1101202,11.59
ROUdzSuFNjM,'Uma vergonha!' Gilmar Mendes detona S√©rgio Moro e afirma que Lava Jato praticava tortura,"May 11, 2023",174508,4034.3658,429,112.461,937058,14.85
9sRrne3z_Os,"üí• ""Voc√™ √© a cara do Bolsonarismo"" üí• Rubens Jr enfrenta George Washington e exp√µe o golpismo na CPMI","Jun 23, 2023",138943,11011.6594,178,108.893,945103,8.31
sEu1eb7GViM,Passou vergonha na CPI do Golpe! üòÇ N√£o sabia o que era o C√≥digo Fonte que pedia em protestos!,"Jun 29, 2023",126618,16704.4983,264,108.004,991272,8.14
IXQEr0Vnc7k,üíä Rem√©dio com efeito de golpismoüíä Discurso afiado de Samia Bomfim na CPI atinge Damares e Bolsonaro,"Apr 27, 2023",199380,7834.9974,448,106.669,1005311,15.8
MjImlIoy6TI,Fl√°vio Dino enfrenta bolsonaristas sobre armas em sess√£o que termina em confus√£o na C√¢mara,"Apr 12, 2023",165129,12820.3511,420,104.768,1461320,8.02
D18LVfIAvEI,Silvio Almeida esculacha Eduardo Bolsonaro respondendo sobre o Pr√™mio Luiz Gama,"Apr 13, 2023",177015,4594.4347,390,99.586,1102125,13.25
R5dEzVkYc3w,CPI do 8 de janeiro: Lindbergh esculacha Magno Malta e exp√µe desculpa esfarrapada de Bolsonaro √† PF,"Apr 27, 2023",190739,6095.0169,262,99.241,787859,19.55
kRAInF2cjGo,Samia Bomfim humilha Salles e  escancara interesses por tr√°s da CPI do MST em depoimento impactante,"May 31, 2023",145639,8802.4021,373,99.225,1133931,8.88
zvAENvsKyE0,üí£ Bomba! üí£ Bolsonaro no centro das investiga√ß√£o da CPMI do golpe de 8 de janeiro,"Jun 13, 2023",93115,5764.6683,161,97.114,446413,15.04
WPOuUbBB19s,Fl√°vio Dino implac√°vel contra o golpismo e a corrup√ß√£o na PRF de Bolsonaro üî• puni√ß√£o √© garantida!,"Jun 20, 2023",121972,6399.7569,244,96.407,856313,9.9
_REzfqYSwG0,üî• Bolsonaristas em P√¢nico! CPI do 8 de Janeiro Investigar√° golpistas! üî•,"Jun 13, 2023",136010,8012.0145,232,96.114,784357,12.38
kWJSYQse9vI,A pris√£o est√° pr√≥xima! Os sigilos de Bolsonaro foram revistos pela CGU e mais crimes vieram √† tona,"May 16, 2023",123413,6267.0333,338,93.938,605580,16.51
8evxGhncbKo,Fl√°vio Dino d√° duro golpe no garimpo ilegal e armamentismo desenfreado,"Jun 26, 2023",133652,10076.5683,333,93.932,1292815,6.73
3LEHz0Go27s,"üî•S√¢mia Bomfim detonou presidente da CPI do MST que tentou cal√°-la ""Vai responder para a Justi√ßa!""","May 23, 2023",143111,6649.7875,373,87.79,1100048,9.47
UsqJPRFXN5s,"Lula detona Bolsonaro no Par√°! üî•üî• ""Gangster, gastou 300 bilh√µes para tentar se reeleger""","Jun 18, 2023",101535,6712.5143,300,87.221,787658,8.57
rbR_T9QkjWs,Dallagnol cassado! Vergonha e desespero virou rotina para a bancada bolsonarista,"May 17, 2023",139833,8959.8315,336,86.306,1019846,9.49
TI4Ivm4_0yg,üî• Clima esquentou üî• Glauber Braga confronta Eduardo Bolsonaro sobre mil√≠cias e ele foge novamente!,"Jun 2, 2023",123036,3823.5039,164,84.109,696698,13.88
dNU-B7FfT4Q,"""Sem cagoete"" üëÄ Randolfe exp√µe instru√ß√µes para depoimento que coronel levou √† CPMI do Golpe","Jun 28, 2023",135576,5700.1536,175,82.326,829145,10.56
iRo0EfULV5E,Henrique Vieira e Duda Salabert d√£o aula em sess√£o na C√¢mara e bolsonaristas passam vergonha!,"May 16, 2023",111936,6960.1488,284,82.136,1165128,7.19
3-u7lKZV_XM,S√¢mia Bomfim exp√µe os crimes de Ricardo Salles e revela a farsa que √© a CPI do MST,"May 18, 2023",126429,5602.412,176,80.371,861178,10.42
xt1GN3eW_wQ,"""√â verdade Sr Dallagnol?"" Glauber Braga detona deputado bolsonarista com 10 perguntas!","May 13, 2023",122897,6228.5214,305,78.204,931523,8.63
hOAqg9bsMB0,üî• Rog√©rio Correia detona Marco Feliciano e exp√µe envolvimento de bolsonaristas com o golpe 8 de Jan,"Jun 16, 2023",114474,6030.5722,174,77.322,811730,10.02
deMAY7cUtB0,Nikolas Ferreira tenta lacrar e toma invertida de Guilherme Boulos ao vivo!,"May 24, 2023",110220,3667.1454,158,75.285,647990,12.64
6c8gk_nH8rU,"""Ele tem que pagar!"" Lula nos Emirados √Årabes aborda extradi√ß√£o de empres√°rio agressor de mulheres","Apr 17, 2023",316573,3488.2491,227,73.416,930607,32.79
8vwxlFtc4IM,Urgente! Ex√©rcito posiciona blindados cerca acampamento de terroristas em Bras√≠lia,"Jan 9, 2023",541664,6198.4695,1066,73.074,374436,40.79
hYGegltBZ-4,Bolsonaros n√£o cansam de passar vergonha! Eduardo foi humilhado por Fernanda Melchiona,"Apr 14, 2023",159135,2544.1525,373,72.583,602734,23.99
N8aAMv-CuRA,Pastor Henrique Vieira exp√µe fanatismo e derruba narrativas da extrema direita na CPMI do golpe!,"Jun 22, 2023",113813,7707.7488,208,71.675,863957,8.53
GbTIsvPd-pc,"A casa vai cair! Mauro Cid, tem uma FORTUNA no exterior. Lindbergh d√° o recado!","May 10, 2023",132285,4349.8073,258,71.536,842413,12.31
tSehGVrztzE,Monica Ben√≠cio deixa Carlos Bolsonaro desconcertado com as verdades que falou na C√¢mara do Rio,"Mar 31, 2023",185082,4418.3317,635,71.015,1049616,16.21
N1Mt7ysDAv8,"""N√£o adianta rir de nervoso"" Glauber Braga desmascara deputado bolsonarista","May 15, 2023",130462,3954.2329,217,70.858,766062,13.13
LDxBZITNjiI,üî• Bolsonaro DESESPERADO üî• Anderson Torres e Mauro Cid ser√£o os primeiros a depor na CPMI do dia 8!,"Jun 14, 2023",78716,4584.7784,167,70.689,376585,15.93
hJRxwzSfqzo,üî• Eliziane aperta Ex-comandante da PRF üî• bolsonaristas desesperados tentam tumultuar e levam sacode,"Jun 20, 2023",101684,8474.3127,121,69.859,573748,11.2
HlpRNxmfIPI,‚ÄéÔ∏è‚Äçüî•Deputado Rog√©rio Correia desmascara a farsa bolsonarista e esculacha Ricardo Salles!,"May 9, 2023",106021,4413.329,202,64.72,721684,10.09
Nn7-MFjxfSA,Veja os momentos que bolsonaristas tentam calar Samia na CPI do MST! Salles pode ser preso!,"Jun 4, 2023",91307,4756.0917,212,64.628,767136,9.28
Kl5of64K0CA,S√¢mia esmagou Ronaldo Caiado! Deputadas escancaram os crimes dos ruralistas na CPI do MST,"May 31, 2023",123336,7808.0366,198,64.39,802012,10.54
PGcSPTXaWO8,Porque Dallagnol tem tanto medo do Tacla Duran? Boulos exp√µe o ex-procurador na C√¢mara,"Apr 12, 2023",164961,2980.6303,393,64.269,1072842,12.66
3h91SOVw-44,"Maconha no caminh√£o do Senador! S√¢mia denuncia Jorge Seif ex-ministro Bolsonaro, chefe de Jair Renan","Apr 13, 2023",165298,2672.4163,496,64.212,774691,19.62
q1hIMJ_9X-k,"Rog√©rio Correa joga a real na CPMI üî• ""Bolsonaro √© o mentor do Golpe"" üî• provas do plano reveladas","Jun 27, 2023",79379,6584.4367,106,59.332,470245,10.32
PBd6eLSOq5E,Bolsonaristas n√£o cansam de passar vergonha! Lindbergh Faria detona deputado Jos√© Medeiros,"May 22, 2023",98872,5492.6847,194,59.231,769116,9.31
LOW1C0BcOR0,Bateu desespero no Bolsonaro! Relator vota no TSE para tornar ineleg√≠vel | Veja resumo do julgamento,"Jun 28, 2023",66996,5115.3826,126,58.815,458508,9.81
JJzCOrqxr_A,Melhores cortes da Semana | Saiba o que aconteceu no Congresso Nacional,"Jun 17, 2023",66887,6308.6985,117,55.344,546827,6.83
XicdPfKnd4s,"Randolfe convoca Campos Neto ao Senado para dar explica√ß√µes: ""Ele est√° sabotando o Brasil""","Jun 24, 2023",91168,3080.0811,163,55.22,620672,9.89
vj4Fc9C2QlM,"Fl√°vio Dino equadra advogado do Twitter: ""Termos de uso n√£o s√£o maiores que vidas de crian√ßas""","Apr 11, 2023",156639,2188.5606,347,54.156,816294,17.72
PHWELthvrg0,Acompanhe a movimenta√ß√£o para posse de LULA em Bras√≠lia | Milhares de pessoas caminham pelas ruas,"Jan 1, 2023",174758,6718.1737,750,54.02,748731,18.43
OG1MfqRcVFM,"""A CASA CAIU PARA O BOLSONARO"" - Lindbergh detona deputados bolsonaristas","May 3, 2023",118461,3208.774,220,53.785,536658,18.46
U0gLVTl8XSs,üí£ Em depoimento GDias aponta responsabilidades da equipe de Bolsonaro e Heleno no golpe dia 8 üí£,"Jun 24, 2023",73821,5939.1737,101,53.773,687734,6.52
rNGQx4Y5Jzw,"üí£ ""O Bolsonarismo te abandonou"" üí£ Dep Rubens Jr desvenda conspira√ß√£o de coronel no golpe fracassado","Jun 28, 2023",68212,5498.6349,72,53.282,617284,5.94
AZQbsDIB7FA,üî• TSE encerrou o julgamento com 3 votos a favor de deixar Bolsonaro Ineleg√≠vel! üî• Confira o Resumo!,"Jun 29, 2023",64040,4204.4968,73,52.049,420719,10.38
ygWolq1k_rA,Eduardo Bolsonaro leva invertida de Boulos na C√¢mara dos Deputados e Bia Kicis se desespera,"May 11, 2023",101936,2140.9456,108,51.944,487461,16.86
ANjdcE_o1w0,Governo ter√° maioria na CPMI dos atos golpistas e investigar√° todos envolvidos diz Randolfe,"Apr 27, 2023",105437,3660.8551,171,51.236,551356,15.62
Cz20IopfXtQ,Silvio Almeida faz discurso emocionante sobre o epis√≥dio de Blumenau,"Apr 5, 2023",66258,4495.1119,505,51.137,1100407,4.55
xTJRUK9U_lU,"""Oposi√ß√£o bolsonarista est√° descontrolada"" Eduardo Bolsonaro √© humilhado por Rog√©rio Correa","Apr 23, 2023",92203,2477.4298,198,48.936,641800,11.66
p5ReBbMhe30,Posse de Lula #AoVivo,"Jan 1, 2023",116013,17978.0087,498,47.785,745710,13.2
xHX9K35NRAw,Boulos lista la√ßos da direita com o narcotr√°fico,"Apr 18, 2023",99358,2132.9141,213,47.764,651521,11.9
ZOm-NlzmwEk,"Esc√¢ndalo! MP aponta ""rachadinha"" de mais de 2 MILH√ïES envolvendo Carlos Bolsonaro!","May 6, 2023",93813,2764.3206,156,45.787,622344,11.59
DjRyn0BEmr0,Investiga√ß√£o em A√ß√£o: CPMI dos Atos golpistas avan√ßa com plano de trabalho aprovado! Veja o resumo,"Jun 7, 2023",85649,3812.9249,109,45.102,513689,12.35
ZEp_3EXUnJw,Madeirada! Lula da show no debate contra Bolsonaro na Globo | confira melhores momentos,"Oct 29, 2022",67418,3935.262,289,43.948,689374,8.07
 -khQcsn-VU0,"Randolfe: ""Queremos a investiga√ß√£o"" governo muda de posi√ß√£o sobre CPMI ap√≥s vazamento de imagens","Apr 20, 2023",120983,3034.5161,125,43.832,614439,16.22
6-GDBIIlpDw,üí• Escandaloso üí• Salles invade casas e ataca camponeses! Deputadas exp√µem abuso de autoridade,"Jun 13, 2023",70970,4539.112,73,43.785,391250,12.14
QiuJlUoJobY,"""Pris√£o vergonhosa!"" Em Londres, Lula condena pris√£o de Assange e critica sil√™ncio da m√≠dia","May 6, 2023",92198,1621.782,121,43.6,420792,18.82
65X3IVKMosU,üî• PMDF deixou o golpe correr solto! Pastor Henrique Vieira prova Omiss√£o na CPMI do dia 8 de janeiro,"Jun 27, 2023",57687,4443.8029,80,43.361,543563,7.82
z2CRsk9Cu5A,"‚ö∞Ô∏è ""CPMI vai Sepultar de vez os golpistas"" Guilherme Boulos detona com os bolsonaristas ‚ö∞Ô∏è","Apr 27, 2023",79674,2589.7052,156,43.3,482037,12.39
s8JSk-Lmft4,"üî•√â s√≥ esculacho! Kim tenta lacrar, mas Fl√°vio Dino destr√≥i o deputado","May 4, 2023",68940,1964.1052,96,42.996,313691,17.77
3IC1us4qVBQ,"Erika Hilton implode com audi√™ncia p√∫blica transf√≥bica na C√¢mara com discurso impec√°vel! ""Pataquada‚Äù","Jun 23, 2023",64117,3459.8726,277,42.917,504627,7.97
_CWvCGkxon8,"üî• COVARDE, MEDIOCRE! üî• Deputado Duarte confronta bolsonarista condenado por atentado a bomba!","Jun 22, 2023",79106,3511.4025,100,42.233,680782,8.34
2ID8LJs_YXs,Zanin deu aula de direito para Moro e √© o novo Ministro do STF! ü¶Ü Ficou ruim pro marreco! ü¶Ü,"Jun 21, 2023",62230,3872.7795,83,41.974,467224,8.93
 -Sxa3CdGSSw,"Renato Freitas pega Ricardo Arruda na Mentira e vai pra cima ! üî• ""N√£o tenho medo de coron√©is""","Jun 23, 2023",81846,3893.1633,168,41.668,598571,8.26
Y59Fxo51agg,Roubo na Lava Jato! Dep. Renato Freitas explica espionagem na Petrobr√°s feita por Jorge Hardt,"Apr 13, 2023",55424,3077.2274,304,41.454,416515,8.93
wAUwHIyNWw0,üí• Gleisi Hoffman detona Kim Katiguiri na CPI do MST! üí• Confira a fala poderosa da deputada!,"Jun 20, 2023",75894,2453.8586,103,40.985,397343,14.25
mtonutqn6gY,"""Manifesta√ß√£o com t√©cnica de guerrilha"" Rubens Jr. exp√µe organiza√ß√£o bolsonarista para dar um golpe","Jun 27, 2023",46611,4387.787,65,39.938,352863,7.31
WIzHHBE_D_E,Rog√©rio Correa vai pra cima de Marcos do Val: Investigado n√£o pode conduzir investiga√ß√£o!,"Jun 20, 2023",61566,2753.9999,70,39.439,343557,14.05
UGfWVqOyLvc,Renato Freitas desmascara a farsa de Ricardo Arruda na assembleia do Paran√°,"Apr 4, 2023",84403,3562.4633,318,38.572,613986,9.56
pg-N1szGfn0,"Artistas v√£o a C√¢mara em apoio ao PL das Fake News! Marisa Monte, Gloria Pires, Frejat e outros","Apr 26, 2023",82853,2181.8428,82,37.354,378450,18.65
kvKL6WGZZc8,Erika Hilton revela a cronologia dos atos antidemocr√°ticos: Bolsonaro tramou tudo e deve responder!,"Jun 6, 2023",65987,3451.4441,99,37.242,413838,8.74
WquwliHgp6Y,‚ÄúA arma que precisamos √© o povo de barriga cheia‚Äù Lula lan√ßa Plano Safra Agricultura Familiar,"Jun 28, 2023",48507,2737.0269,98,36.889,592904,4.93
aKTz5qFbOCo,"Todas as mentiras reveladas! Jandira, Rog√©rio Correa e Rog√©rio Carvalho desmoronam ex-chefe da PRF","Jun 21, 2023",50327,4758.4921,51,36.116,384421,7.48
10FtHQWoy8U,Major pede que golpista desmontem o acampamento em S√£o Paulo,"Jan 9, 2023",314085,4111.2043,248,34.564,425788,33.43
rHgrlQ7_gkQ,‚ÄúConselho de √âtica √© mais uma oportunidade pra mostrar que Moro √© ladr√£o‚Äù - Glauber Braga,"Jul 4, 2019",115781,4966.4833,510,34.337,651376,13.79
bDU67fR_dgw,Lula promete punir golpistas do dia 8 e recha√ßa fascismo em posse de conselho de participa√ß√£o social,"Apr 19, 2023",116031,1478.7137,117,33.147,453601,23.92
kJTrYf5v5t4,üî• SIGILO DE BOLSONARO QUEBRADO! üî• Lindbergh lista as vit√≥rias na CPMI dos atos golpistas de 8 de jan,"Jun 15, 2023",46355,1674.6818,69,32.917,256796,11.76
w4R7RZL6KKk,"""Mentiroso contumaz!"" Ministro Paulo Pimenta coloca Eduardo Bolsonaro em seu devido lugar!","May 26, 2023",63273,1323.9134,67,30.176,383215,11.79
08VsmYjlFAI,Duda Salabert n√£o deixou barato para os golpistas! Pediu a cabe√ßa dos deputados investigados da CPMI,"Jun 11, 2023",49694,1477.7178,59,29.694,312659,11.64
38YmKOqIu2U,Eliziane Gama detona o Golpe fracassado: o que Esperar da CPMI? Bolsonaro e Dino convocados?,"Jun 11, 2023",51921,2111.2126,54,29.581,378731,9.8
w3SgLpnzgBg,General Heleno exalta ditadura no Brasil e √© escrachado por deputados na CPI do Golpe,"Jun 1, 2023",77054,1293.9168,85,29.06,360702,16.41
RI48UcepEgM,"Lula √© ovacionado por multid√£o em festival em Paris, aos p√©s da Torre Eiffel","Jun 22, 2023",38468,1238.5664,73,28.572,258169,9.21
F6I2AFUOffE,√Åudios in√©ditos revelam chefe da Receita pressionando libera√ß√£o de joias para Bolsonaro e Michelle,"Apr 20, 2023",53579,2386.5196,140,28.128,496804,8.63
eKWSeJyVU20,"Lula, governadores e ministros do STF v√£o andando at√© o Supremo como sinal de for√ßa da democracia","Jan 10, 2023",109488,1777.2043,104,27.11,351695,28.69
LM8lPmUsmYg,"Vergonha! Senador Gir√£o tenta lacrar e acaba humilhado por Silvio Almeida ""Me trate com respeito""","Apr 27, 2023",66682,1234.3418,58,26.106,344403,16.37
okg66JvxqII,Magno Malta faz fala grotesca sobre Vini Jr e pode perder mandato! Deputados reagem ao racismo,"May 29, 2023",54693,2023.7902,50,25.943,349235,12.34
9vHzN6PkwrU,Brasil de volta no mundo! Lula retorna da china com dezenas de acordos firmados,"Apr 14, 2023",83403,1462.4752,177,25.929,374588,20.16
EwWDSfx2A-0,"""O que √© a extrema direita?"" Renato Freitas d√° aula para jovens e humilha Ricardo Arruda no Paran√°","Apr 25, 2023",153039,11784.7263,499,24.33,1496086,5.79
SYlvdidTUW8,"""O Ex√©rcito nos entregou"" Golpista bolsonarista chora no √¥nibus da PM","Jan 9, 2023",67413,2321.5825,209,23.022,226217,22.53
r8pn6uQrNU0,"""Traidores do Brasil!"" Fl√°vio Dino diz investiga√ß√£o chegar√° nos Generais, comenta CPI, vazamento CNN","Apr 25, 2023",39991,1915.5308,55,22.196,257370,12.03
WAr_ituckGA,Fernanda Melchiona acabou com deputado transf√≥bico Nikolas Ferreira no debate da CNN,"Mar 15, 2023",51070,1701.0352,158,22.146,303073,13.75
lTasSFnHPbI,Deputado do MST diz a verdade na CPI: Bolsonaro foi uma trag√©dia para a reforma agr√°ria!,"Jun 14, 2023",43773,1821.4289,43,22.072,254962,11.18
iG_R3vqvQZM,"""Essa CPI √© uma VERGONHA!"" Tal√≠ria Petrone esculacha CPI do MST e escancara crimes de Ricardo Salles","May 23, 2023",44217,1662.7591,46,21.308,278992,10.95
I0L00FVRo3c,"S√¢mia Bomfim desmascara dep. Jos√© Medeiros ao vivo ""Bolsonaro cometeu um crime contra seu pa√≠s""","Apr 6, 2023",63620,1088.4174,92,20.896,397742,13.33
HNJJWaAHACc,"""√Ä beira da cadeia!"" Boulos escancara cen√°rio catastr√≥fico de Bolsonaro e seus aliados","May 8, 2023",33009,1285.8264,61,20.201,245048,10.09
XeGUMeUwOXo,"""Isso est√° encerrado‚Äù Alexandre de Moraes coloca Nunes Marques no devido lugar em caso Celso Daniel!","May 19, 2023",29101,616.0308,32,19.978,191664,10.97
OK6IR1cUJHE,"""Pede para sair!"" Cid Gomes entrega um bon√© do Santander depois de aula para Campos Neto sobre Juros","Apr 25, 2023",39779,1619.0947,46,19.892,299715,10.37
18HFhO9JXUk,Absurdo! Jornalista do Brasil de Fato √© preso em Curitiba,"Jan 13, 2023",95148,1384.9247,144,19.618,295178,30.38
SEalBt7MIPU,Chico Buarque detonou Bolsonaro ao receber seu Pr√™mio Cam√µes de Lula,"Apr 24, 2023",29741,1296.3283,47,19.588,252320,8.85
aTMw3hgSSDU,DJ Alok no congresso defendeu ind√≠genas como chave para Brasil ser pot√™ncia global na Economia Verde,"Apr 24, 2023",49502,1253.4694,66,18.7,352455,8.76
IZyCXkPKO5A,"Misoginia contra deputadas, farsa na CPI do MST, Demarca√ß√£o j√°! Confira o resumo da semana","Jun 4, 2023",28953,1525.3067,29,18.498,254207,8.31
wEOVi9PUw-8,Plano Bolsonarista para explodir o aeroporto de Brasilia desmascarado por policiais na CPMI do Golpe,"Jun 22, 2023",32493,1374.633,27,18.408,201515,9.66
HN3_xKDQCyQ,"As 18 melhores gafes e memes dos ""patriotas"" bolsonaristas üòÇ","Jun 25, 2023",33401,1032.0337,53,18.287,302905,7.11
8OSezuf1p7o,üí£ Bomba no Senado üí£ Contarato desmascara Moro e exp√µe sua trajet√≥ria de juiz ladr√£o!,"Jun 22, 2023",27174,1002.873,25,17.454,155464,12.54
 -XsWPKVrUaE,"""Bolsonaro Ineleg√≠vel!"" Glauber Braga luta por puni√ß√£o a crimes do ex-presidente","Apr 17, 2023",45113,655.4334,85,17.45,276971,14.06
UjgeDTsCDzY,"Tentaram cal√°-la, mas C√©lia Xakriab√° arranca aplausos com fala potente sobre Cultura e Meio Ambiente","May 5, 2023",40261,1024.8955,33,17.03,289134,10.67
OntGnoxzAqA,Escancarando a verdade! Deputada Erika Kokay denuncia autoritarismo e golpismo dos Bolsonaristas,"Jun 5, 2023",42487,1767.2346,71,16.89,331294,9.06
DRmyGhWiZH4,"Bolsonarista tenta lacrar e toma invertida de Fernando Haddad ""N√£o tem moral para falar isso!""","May 17, 2023",25001,980.7222,16,16.869,178715,10.07
YHn28zVA0R8,Ex-chefe da PRF √© r√©u na Justi√ßa e mentiu na CPMI! Eliziane Gama e Rog√©rio Correa avaliam depoimento,"Jun 21, 2023",37847,1664.6198,29,16.754,247136,10.33
7WxHdQN1pPk,Imposs√≠vel nao se emocionar! Lula chora ao falar da situa√ß√£o ca√≥tica em que encontrou o Brasil,"May 12, 2023",33933,673.8969,32,16.6,177764,15.49
t6k1zvlVG4w,Fred Nic√°cio se d√° conta do racismo religioso que sofreu no BBB,"Mar 1, 2023",27188,1314.1422,62,16.346,150653,13.84
sfdWewlCS5U,O que a b√≠blia diz sobre a homossexualidade?,"Dec 16, 2020",12919,661.9817,110,15.441,85414,8.2
2kjYWaDdaD8,Evair de Melo s√≥ passa vergonha! Deputado tenta lacrar e Marina Silva arrebenta na resposta!,"May 25, 2023",37713,640.6773,25,15.187,225870,11.85
gtbxg34XUfg,Melhores cortes da semana: luta no parlamento | Bolsonaro Ineleg√≠vel | Lula na Europa | Zanin no STF,"Jun 25, 2023",27275,1486.2354,28,14.97,296091,5.47
Z497kU20hs4,"""225 presos"" Fl√°vio Dino revela os n√∫meros de a√ß√µes contra ataques √†s escolas","Apr 18, 2023",31125,1238.1939,65,14.878,300566,7.68
 -wJ_ZgkzLNI,üí£ Novas pistas contra assessor de Arthur Lira revelam detalhes de esquema milion√°rio de corrup√ß√£o üí£,"Jun 12, 2023",22635,788.2029,43,14.535,185349,7.78
Zp9JRLSaOsk,L√°grimas de Bolsominions! Compilado dos melhores momentos da destrui√ß√£o dos acampamentos,"Jan 10, 2023",230273,11423.953,669,14.178,910986,22.34
aEJYREDd0ow,Posse de Sonia Guajajara e Anielle Franco #AoVivo,"Jan 11, 2023",38655,5564.438,206,13.967,558083,5.1
eqsb_AG3lZk,"Entrevista de Lula a TV Chinesa: alfineta EUA, procura paz mundial e governan√ßa global para o clima","Apr 15, 2023",20090,1215.2441,49,13.862,243398,6.61
onMRUt_aR_I,Randolfe acabou com o vitimismo de Moro no Senado,"Mar 23, 2023",15870,325.872,67,13.668,110253,10.83
b1vmvjIAMnA,Voc√™ conhece a M√≠dia NINJA?,"Jul 30, 2019",10126,102.1852,106,12.56,123568,4.67
JOxYNo3dl00,Hist√≥rico! o discurso mais emocionante de Lula! Combate √† desigualdade √© a principal prioridade,"Jan 2, 2023",21463,2345.2636,105,12.439,171641,8.46
mFvTosIZw6w,"""Sabe quanto custa 1 litro de leite?"" Senador Contarato coloca Campos Neto nas cordas","May 1, 2023",27065,1104.4944,23,12.416,214512,9.96
bY9cHGVhg-c,Jandira Feghali derruba Nikolas Ferreira como merece: Quem sai das fraldas n√£o me chama de mentirosa,"Jun 7, 2023",22214,730.7964,22,12.102,153087,10.4
thslopv8vak,"Glauber Braga exp√µe os podres de S√©rgio Moro! ""Dallagnol j√° foi, agora √© a vez de Moro""","Jun 14, 2023",21373,295.2512,26,12.066,95955,13.21
JRzYGZuVls0,‚ú® Hist√≥rico! ‚ú® Randolfe compara Lula √† Mandela em discurso emocionante durante sabatina de Zanin!,"Jun 22, 2023",15830,877.6021,22,11.999,167479,6.38
crftS35nGCQ,"""CPI √© tiro no p√© p/ oposi√ß√£o, vai sair deputado cassado"" Lindbergh cita envolvidos em 8 de jan","Apr 21, 2023",25594,906.0145,26,11.976,197538,8.13
D3EoElcbTng,"Glauber Braga vai para cima de Fl√°vio Bolsonaro e cobra crimes do senador! ""Isso cheira muito mal!""","Jun 21, 2023",22780,502.1736,21,11.655,126279,11.26
vlP9oGd1b-M,"""Ouro n√£o se come"" S√¥nia Guajajara desmonta argumento de Z√© Trov√£o com uma verdadeira aula!","Apr 23, 2023",28793,953.2143,41,11.599,224963,9.96
NfS23S5C8dE,TIC TAC ‚è∞ Boulos est√° contando as horas para a pris√£o de Bolsonaro,"May 3, 2023",24651,613.3781,42,11.276,128267,14.98
3llRlrDY-Eo,Artistas lan√ßam campanha e prometem ir √† Bras√≠lia pressionar pela aprova√ß√£o da PL da Fake News,"Apr 29, 2023",25917,404.9704,45,11.258,126483,17.12
QyGhUKCW64A,O quarto voto √© para tornar Bolsonaro Ineleg√≠vel! Julgamento no TSE √© suspenso com placar de 3x1,"Jun 29, 2023",26284,481.1438,24,11.008,160297,10.58
afrQvy2Y7Is,Caetano Veloso Entrevista Jones Manoel,"Jan 6, 2020",7030,1918.274,123,10.757,138345,3.02
TtfWI-CdVQ0,Julgamento define destino pol√≠tico de Bolsonaro: confira o terceiro voto que definiu o placar em 2x1,"Jun 29, 2023",22108,498.1954,11,9.715,159391,8.92
IigRA8R1vLI,Festival do Futuro re√∫ne centenas de artistas na posse de Lula em Bras√≠lia #aovivo,"Jan 2, 2023",130338,11650.2378,437,9.62,768137,13.87
n8Z29XY5yzk,Injusti√ßa escancarada! Deputadas s√£o processadas por falar a verdade e lutar contra o marco temporal,"Jun 16, 2023",14750,901.5645,17,9.601,130341,7.2
RVyAQ4iraGM,URGENTE! Deltan Dallagnol cassado! Confira o veredito de Alexandre de Moraes,"May 17, 2023",15497,245.3925,29,9.387,100073,11.31
9HzhYQrLVrA,"Chapa de Nikolas Ferreira foi cassada por fraude em 2020, entenda os detalhes com Bella Gon√ßalves","Apr 4, 2023",43025,620.5718,80,8.921,122252,14.07
EK6OAMJlCUc,Lindbergh pede exonera√ß√£o de Campos Neto do Banco Central! Pedido ser√° analisado no Senado,"Jun 24, 2023",16343,573.5071,17,8.897,173187,5.91
pXCBnhGbHho,Caetano Veloso Entrevista Henrique Vieira,"Dec 4, 2018",1499,180.0541,17,8.791,37073,2.66
n4IimFwS5E4,Felipe Neto explica a quest√£o dos impostos sobre Shopee e Shein! A verdade por tr√°s da pol√™mica!,"Apr 15, 2023",19129,394.2003,40,8.62,86422,12.72
zxAEuKXWRp0,Sonia Guajajara deu aula para deputados do agro bolsonaristas!,"Apr 17, 2023",16147,667.1136,41,8.276,160159,8.08
OOeKMIXxNng,Desabafo da professora que fez compras de roupas de baixo em protesto no Atacad√£o,"Apr 10, 2023",35517,584.6963,32,8.219,75186,13.8
UbjVwYDN5p4,"üí£ Sob protestos, St√©dile √© convocado na CPI do MST! Deputadas reagem! Confira os melhores momentos üí£","Jun 20, 2023",15541,1095.9731,5,7.59,122314,7.44
BF_Ja8Lek7Q,RogeÃÅrio Correia vai pra cima de S√©rgio Moro em audi√™ncia na C√¢mara,"Jul 2, 2019",23772,1117.8648,77,7.458,112224,16.45
Yoqt1LjZKHU,Ministra Anielle Franco com sangue nos olhos em defesa de Vini Jr ‚ÄúVamos para cima das autoridades‚Äù,"May 22, 2023",15476,373.6197,14,6.94,114215,9.91
yf_D_23bZd0,O √∫nico presidente que entra numa favela sem medo para conversar com o povo,"Oct 17, 2022",797651,10001.4359,3345,6.939,1298899,7.8
fB3gCtGAhAg,"Artistas com Lula refazem clipe cl√°ssico da campanha de 2002 ""Sem Medo de Ser Feliz""","Oct 26, 2022",12011,393.3572,23,6.884,86690,7.76
ZPvF6j-hwhc,Henrique Vieira - Jesus √© negro,"Jul 4, 2017",10097,397.3681,166,6.818,91184,7.68
1hcgyWj42HE,Esc√¢ndalo coloca Lira na Mira: Pol√≠cia Federal revela desvio milion√°rio da educa√ß√£o em Alagoas!,"Jun 5, 2023",20974,291.8645,31,6.505,148418,10.32
IyVwiRCru0c,1200 presos transportados do acampamento no Ex√©rcito para a Delegacia de Pol√≠cia de Bras√≠lia,"Jan 9, 2023",38418,373.5252,87,6.504,118263,21.81
 -Nw0OG5Ppq0,Guilherme Boulos exige puni√ß√£o para golpistas em discurso hist√≥rico na Av. Paulista,"Jan 10, 2023",28279,600.2479,64,6.429,123431,19.78
MSZ6ZvonJGY,Caetano Veloso Entrevista Russo Passapusso,"Jan 24, 2019",4522,778.6024,64,6.291,73110,4.14
IDelc3GwGbE,Persegui√ß√£o escancarada! Erika Kokay e Juliana Cardoso enfrentam tentativa de calar suas vozes,"Jun 14, 2023",13598,683.826,12,6.194,102685,8.8
jNiLiHqYLqU,Janones admite que chamou Nikolas Ferreira de Chupetinha: 'Continuarei fazendo',"Mar 30, 2023",11670,293.0966,16,6.165,89139,9.29
GbOWIpogbPs,Lula fecha o cerco contra garimpeiros ilegais e detona pol√≠tica de destrui√ß√£o dos anos Bolsonaro,"Jun 5, 2023",15084,377.5716,20,6.132,127748,9.44
sHIKKE3a7yE,"""Aumento de 300% para governador enquanto o servidor sofre"" Bella Gon√ßalves denuncia Romeu Zema","Apr 3, 2023",16474,263.3329,32,6.1,100451,13.8
ZbdvFGAotYE,Emocionante! Rios se recuperam na terra Yanomami 2 meses ap√≥s retirada de garimpeiro,"Apr 9, 2023",24892,265.0499,35,6.035,103117,12.47
qGIa8Ean46E,"Xuxa publica v√≠deo contra o Marco Temporal: ""Diga n√£o ao projeto de Lei 490!""","Jun 3, 2023",10776,140.0062,42,6.035,96006,7.26
o40A74dVLvY,Caetano Veloso entrevista Fernando Haddad,"Jul 14, 2022",2062,377.1733,51,5.877,27039,3.69
eZRwg0UX3PA,Ocupa Bras√≠lia - manifesta√ß√£o FORA Temer com 200 mil pessoas √© brutalmente reprimida,"May 26, 2017",12485,252.4295,39,5.864,27483,23.89
Wxt_zHpcnvk,Militares desmontam acampamento em frente ao quartel general em Bras√≠lia,"Jan 9, 2023",61264,736.3148,51,5.646,58202,12.15
Avm1Ht0qLmU,Nem todo her√≥i usa capa! Passageiro do mesmo voo de Bolsonaro faz o L no aeroporto: 'N√£o tenho medo',"Mar 31, 2023",341337,2271.4131,513,5.642,54879,3.96
2lOmha7A9mk,Sarah Polley levou o Oscar de roteiro adaptado com longa sobre a import√¢ncia da uni√£o feminina,"Mar 13, 2023",4407,78.5998,5,5.488,39192,8.47
NF_83HxcR8Y,"√Äs l√°grimas, deputada Thainara Faria denuncia racismo na Assembleia Legislativa de S√£o Paulo","Apr 1, 2023",14513,338.849,36,5.411,112859,10.09
qc0ze7cv7dE,Sonia Guajajara d√° aula de hist√≥ria sobre povos ind√≠genas √† senadora do PSL,"Apr 12, 2019",9694,447.7881,62,5.397,77976,8.91
a23uGjqZU18,#CinemaAoVivo‚Äã - Terra dos √çndios (1979) ‚îÇ Filme de Zelito Viana,"Apr 17, 2021",7529,628.8866,55,5.314,32413,6.83
nfHFEnADYHY,Que momento! Ministro Silvio Almeida citou Racionais MCs no seu discurso na Comiss√£o da Anistia,"Mar 31, 2023",13385,191.0922,31,5.233,119855,8.36
6JR5LMUZTAM,Sem Receio: Jaques Wagner descarta medo do governo com CPI sobre ataques do 8 de Janeiro,"Apr 18, 2023",13654,301.1025,16,5.132,87757,12.69
Ia2CUA9kkkY,Alexandre de Moraes acaba com golpistas em discurso hoje na posse do diretor da Pol√≠cia Federal,"Jan 10, 2023",18038,345.1183,40,5.114,89816,16.66
XybgIA3w6Eo,"""Me espanta que o governador tente vestir a roupa do Bolsonaro"" Fl√°vio Dino responde Romeu Zema","Jan 18, 2023",14077,375.7959,28,5.087,76296,14.3
16oWtlGYxLA,"Discurso emocionante, Muito merecido, Ke Huy Quan vence Oscars de melhor ator coadjuvante","Mar 13, 2023",9131,148.1619,17,4.88,48108,10.67
uWWRsUPJ0ME,Caetano Entrevista: Roger Waters,"Oct 26, 2018",7975,897.5611,77,4.787,119844,5
rb_gaaibOHw,Um √çndio - Caetano Veloso Ao Vivo no Circo Voador | Lan√ßamento do App 342 Amazonia,"Apr 19, 2020",9584,396.9095,34,4.293,58477,6.61
ZHCeTlWAXQM,Caetano Veloso Entrevista Baco Exu do Blues,"Jan 31, 2019",3254,412.8725,39,4.288,81175,2.83
QoZ5J0P6bNc,"""√ìdio e Nojo √† Ditadura"" O Hist√≥rico discurso de Ulysses Guimar√£es ao promulgar a Constitui√ß√£o","Apr 1, 2023",7505,155.5141,36,4.26,85694,6.02
igAoiWC6StI,Eu sou Lula,"Apr 9, 2018",7263,266.9444,50,4.252,43668,13.47
uY8PV6LnYb0,"Petrobr√°s derruba pre√ßo da gasolina, diesel e g√°s de cozinha","May 16, 2023",7749,295.3208,8,4.155,81147,7.18
9e5St3Y6GVg,Moro teve uma li√ß√£o de Zanin no Senado: Lula √© inocente!,"Jun 21, 2023",140072,2002.2581,378,4.121,774048,7.43
NZNut7UzA8w,Rog√©rio Correa desmascara hipocrisia de A√©cio Neves e exp√µe seu passado sujo,"Jun 6, 2023",7780,261.6807,11,4.112,59095,9.59
zTkuZvY8dwI,S√©rgio Moro n√£o se cansa de ser humilhado no Senado | Senador Contarato acaba com o ex-juiz,"Mar 30, 2023",8588,137.8244,19,4.112,56494,10.91
AATRCzM_gag,Entenda porque o Marco Temporal √© uma enorme injusti√ßa hist√≥rica! Alexandre de Moraes explicou tudo!,"Jun 8, 2023",5889,210.155,6,3.889,41932,9.4
7t_rfJa4sIE,Veja como ficou o STF ap√≥s depreda√ß√£o de golpistas,"Jan 9, 2023",11095,407.3739,27,3.845,94524,9.69
HoMZXtCggQ8,Deputado bolsonarista √© desmentido na pr√≥pria live e passa muita vergonha,"Jan 15, 2023",9241,191.9757,8,3.554,62702,10.99
aV5Jc-k9adg,Governo do DF alterou o plano de seguran√ßa de √∫ltima hora para permitir entrada na esplanada,"Jan 9, 2023",15307,200.4593,22,3.522,91183,14.99
3DfhssB2PQs,Lula e Sonia Guajajara falam para mais de 5000 ind√≠genas no Acampamento Terra Livre - Ao Vivo,"Apr 28, 2023",5750,295.9941,2,3.486,73278,5.77
nYcnYrAn3UM,Silvio Almeida assume Minist√©rio dos Direitos Humanos com discurso emocionante,"Jan 3, 2023",5502,97.1787,26,3.402,53883,5.65
hp6AarSpGg8,Lula now Flow bate recorde mundial de audi√™ncia! Confira melhores momentos,"Oct 19, 2022",6275,260.1818,19,3.388,55938,9.67
7qZCDrU_L6E,Deputados destilam transfobia contra deputada Dani Balbi no Rio de Janeiro UM SHOW DE HORRORES!,"Apr 1, 2023",12025,177.8904,6,3.291,82457,12.21
HpDwEL9I6pE,"Emicida intima evang√©licos: ""Voc√™s s√£o capazes de criar um ambiente de respeito √† f√© alheia?""","Mar 9, 2023",4013,160.1072,16,3.289,38366,7.36
VbEeFj4m4bY,‚ÄúVoc√™ sabe o que √© Lei Rouanet?‚Äù Bolsonarista passa vergonha em show de Zeca Baleiro,"May 8, 2023",7239,101.3935,9,3.21,51593,9.8
NAgkl2AOiLs,Profiss√£o Reporter flagra a√ß√£o de compra de votos pela prefeitura de Coronel Sapucaia (MS),"Nov 2, 2022",5555,187.0188,18,3.195,74915,5.19
Dg7sEoOQXfQ,Lula decreta interven√ß√£o militar e promete puni√ß√£o para envolvidos em atos extremistas em Bras√≠lia,"Jan 8, 2023",7674,174.2711,25,3.151,61394,8.96
pe-xhICmSyc,Renato Freitas enfureceu o governador Ratinho Jr. no Paran√° com essa fala,"Mar 16, 2023",9123,188.7086,31,3.125,56277,12.59
ac11EbWowOw,"Arthur do Val, o Mam√£e Falei, diz em √°udio vazado que mulher da Ucr√¢nia ‚Äò√© f√°cil porque √© pobre‚Äô","Mar 5, 2022",5977,220.5808,19,3.119,52813,8.8
j08qdzfQVw4,Vereador de Caxias do Sul defende trabalho escravo e ataca nordestinos e argentinos,"Feb 28, 2023",5509,98.4443,10,3.115,28813,11.33
h38qC3cz9j4,Confira o discurso de posse completo de Lula no Congresso Nacional,"Jan 1, 2023",4187,280.4932,4,3.06,58119,4.15
V7zKAeYOGh8,Den√∫ncia! Culto evang√©lico criminoso prega contra as institui√ß√µes democr√°ticas,"Jan 18, 2023",5165,107.2645,2,3.049,26226,12.48
T_qojBOUQxs,"""Fez uma postagem sem querer querendo"" Ivan Valente ironiza e compara Bolsonaro ao Chaves","Apr 28, 2023",4822,143.6507,7,2.998,38253,9.55
 -pLZNwGZOuc,"""O Brasil quer construir a paz"" Lula refor√ßa sua posi√ß√£o de mediador na guerra da Ucr√¢nia e R√∫ssia","Apr 22, 2023",4729,122.4634,3,2.782,51836,7.05
sgkX2LSlm5g,S√©rgio Moro deixa audi√™ncia na C√¢mara ap√≥s fala de Glauber Braga,"Jul 3, 2019",5462,173.6806,14,2.768,29501,15.12
3RQQlc3hvbk,Jornalista e apresentadora de TV da Bahia manda recado certeiro e acaba com vereador racista,"Mar 2, 2023",2777,81.5878,5,2.7,23287,6.97
TSg_3u1ySsE,C√©lia Xakriab√° detona deputados que votaram a favor da PL 490! Discurso hist√≥rico!,"May 31, 2023",5210,111.783,11,2.689,58225,5.94
xne4yR5JAvQ,"C√©lia Xakriab√° destr√≥i bolsonaristas que votaram a favor da PL490 ""√â um genoc√≠dio legislado!""","May 25, 2023",6327,89.2616,3,2.681,53473,8.39
jHhcnhw8374,Governo anuncia pacote interministerial para conter ataques como o de Blumenau,"Apr 5, 2023",4770,110.2298,11,2.671,52498,6.59
EIVyk9BpxFw,"A autoestima de homem bolsonarista deveria ser engarrafada e vendida, viu?!","Jun 21, 2023",57852,736.7435,59,2.643,139952,7.51
FUBnP9EDm-o,Portaria da Papuda est√° movimentada de √¥nibus chegando com golpistas presos,"Jan 11, 2023",73968,559.0056,29,2.531,44626,5.58
as1FWx8wQC8,Pr√≠ncipe fake tenta lacrar mas √© desmascarado por Lindbergh Farias,"Jun 15, 2023",3280,114.8757,-1,2.473,20260,12.28
nGULWla1AO0,Fala Hist√≥rica: C√©lia Xakriab√° explana o machismo do Congresso Nacional,"Jun 14, 2023",6763,198.8012,6,2.46,59505,7.61
XZlGPSk2j6M,"Boulos debate com Nikolas Ferreira ""A √∫nica coisa que precisa ser invadida √© essa sua cabecinha oca""","Oct 12, 2022",6292,210.0585,12,2.457,62605,8.21
d5kwd2iKNiI,"""Liberdade de Express√£o x Liberdade de Agress√£o"" Resumo da fala de Alexandre de Moraes na USP","Apr 3, 2023",2562,151.7979,5,2.404,42837,4.15
JzlCJW7aVmw,O Que Bolsonaro Realmente pensa sobre os Pobres,"Oct 9, 2018",4856,76.7921,14,2.358,28616,7.65
ryQRMHwFchc,Cada vez mais artistas se somam na campanha a favor da PL das Fake News (PL 2630),"May 1, 2023",5794,86.5997,4,2.324,51311,7.82
F7FIrXu2ERs,"""O Poder dos Oprimidos"" Deputado Renato Freitas fala sobre luta por direitos e igualdade","Apr 7, 2023",3679,93.3467,14,2.31,49013,5.47
1udPqqcc2Fk,"üòÇ ""Eu vou chamar o professor!"" üòÇ Valmir AssuncÃßaÃÉo zoa deputada Caroline De Toni","Jun 21, 2023",114476,1261.0912,159,2.307,93894,6.88
ZCma409ESH4,Xuxa responde Malafaia e defende causa LGBTQI+,"Oct 3, 2020",7185,124.6751,21,2.297,30737,21.1
HjFFzQAww-M,PL da Fake News: Fl√°vio dino cobra POSTURA e TRANSPAR√äNCIA de publicidades do google,"May 2, 2023",4657,87.9052,0,2.296,40181,8.81
JGz87xvk8BE,"Papa denuncia farsa jur√≠dica no Brasil: ""Lula foi condenado sem provas"" ""Dilma Tem M√£os Limpas""","Apr 2, 2023",5195,69.1662,5,2.283,49592,6.97
TWz81c234nM,"""Eu n√£o me submeto ao medo"" M√≠dia NINJA entrevista Ney Matogrosso [English Subtitled]","Oct 27, 2019",1465,165.6855,11,2.189,21804,5.09
ibis9INMSSs,"""O orgulho LGBTQIAP+ √© o orgulho de ser brasileiro"" Silvio Almeida emociona com discurso hist√≥rico!","Jun 28, 2023",3924,147.9934,4,2.157,69695,3.32
cHRRzevxE6k,Artistas se manifestam contra Bolsonaro no Lollapalooza 2022,"Mar 29, 2022",7464,180.3912,24,2.117,80114,7.94
saPH1LY4Od4,"√â de chorar! Anielle Franco relembra sua irm√£, Marielle, em seu discurso de posse","Jan 12, 2023",4531,91.3558,11,2.11,49600,6.94
VN9kKeL94Lk,"Felipe Neto fala sobe o mito ‚Äúpa√≠s de esquerda n√£o d√° certo""","Oct 26, 2022",3423,96.6516,15,2.069,17816,13.18
4ZL6gKtRhtY,"Cacique Rooni Metyktire, que passou a faixa para Lula, fala sobre a experi√™ncia √∫nica","Jan 4, 2023",6858,74.5031,4,2.058,56209,9.21
TtRRTTC330M,Ministro mostra o estado que ficou o Pal√°cio do Planalto,"Jan 9, 2023",4907,60.3603,6,2.058,37502,9.51
mhH9Q22qY6I,Lula critica o comportamento golpista de Bolsonaro ao n√£o reconhecer o resultado das urnas,"Jan 11, 2023",4926,51.6931,4,2.053,31851,12.19
9UywSSMF02M,Lula confirma sal√°rio m√≠nimo de R$ 1.320 a partir de maio no dia do Trabalhador,"May 1, 2023",5374,132.1632,4,2.013,52186,8.6
o3KXIIbpie0,Gleici Damasceno denuncia racismo no aeroporto ao retornar ao Brasil,"Feb 25, 2023",2977,132.1802,-2,1.963,25224,7.98
TCGzn8EKw0M,"BOLSONARO EST√Å ENCURRALADO: depoimento √† PF, CPI do 8 de Jan e joias recebidas por Michelle","Apr 26, 2023",4092,117.3583,4,1.945,27449,11.25
OxQX5pBkzIY,"L√≠der do governo no congresso afirma: ""As institui√ß√µes do Congresso Nacional est√£o funcionando""","Jan 9, 2023",7279,135.4485,18,1.935,52948,11.91
woLAAwqdrZM,"Luciano Solar, vereador de Alfenas, den√∫ncia de viol√™ncia policial e persegui√ß√£o na Assembleia de MG","Apr 11, 2023",8120,98.6854,3,1.913,49074,14.23
Pb-wuV8njJE,Fala impec√°vel de Senador Randolfe na entrega decreto de interven√ß√£o federal no DF aprovado √† Lula,"Jan 11, 2023",7806,82.6278,4,1.872,35750,18.36
5PLiR_GMJ60,Fl√°vio Dino ir√° processar Eduardo Bolsonaro por racismo contra moradores do Complexo da Mar√©,"Mar 17, 2023",5198,115.2176,8,1.867,38892,8.84
-9ocrEuHZ9M,N√£o ir√£o calar as mulheres parlamentares. Reuni√£o do Conselho de √âtica da C√¢mara dos Deputados.,"Jun 14, 2023",3110,92.9216,-4,1.864,19892,6.85
BaDSpWOf8DM,Caminh√£o explode e assusta moradores de Rio Pomba-MG n√£o houve feridos,"Jan 17, 2023",4311,59.4315,2,1.849,25162,8.64
0TJfX91o9J8,‚ÄúN√£o podemos permitir!‚Äù Lula exige a√ß√£o das autoridades espanholas no caso de racismo contra Vini Jr,"May 22, 2023",3629,49.3103,0,1.833,40357,6.39
5IYnGxJc0Eg,"Viola Davis, mais uma vez, dizendo tudo que voc√™ precisava ouvir! #BlackLivesMatter","May 29, 2020",1997,35.6626,16,1.823,9548,12.01
oSKNSXRSFgA,Homossexualidade √© crime! Onde?,"Dec 4, 2020",3928,153.4916,28,1.814,37606,8.63
9KMn5ddeRuc,Caetano Veloso entrevista Sabrina Fernandes,"Mar 30, 2020",1594,407.6316,17,1.789,31294,3.15
1rMYzz7rqUY,"""O Senador n√£o Manja de Nada"" Rog√©rio Correa ironiza Marcos do Val na CPI dos Atos Golpistas","Jun 6, 2023",102505,727.8409,258,1.775,34535,4.44
KJkxMSQwiPk,Lindo momento! Ministra Sonia Guajajara chega em sua Terra Ind√≠gena e encontra familiares,"Apr 9, 2023",89212,682.8643,235,1.772,111188,3.92
Wgkbx-goSR0,"""Nossa, voc√™ nem parece viado"" Voc√™ j√° pensou sobre essa frase?","Mar 27, 2023",7287,78.8225,-4,1.757,39660,7.28
93TreH5SzkI,Absurdo! Guilherme Cortez denuncia o modus operandi de Tarc√≠sio para evitar CPIs em S√£o Paulo,"Mar 22, 2023",3229,48.0525,9,1.744,33408,6.55
JnwY9JITHWg,"Glauber Braga humilha moleques do MBL: ""Defensores do Bolsonaro!""","Jun 12, 2023",3705,54.5105,2,1.701,23241,10.53
9dfcE95Rqx0,"""Prove que voc√™ √© macho!"" Duda Salabert dando a real para os homof√≥bicos","Mar 20, 2023",4663,61.6986,5,1.668,17246,9.79
Ia-tAI_COO4,Padre J√∫lio Lancellotti manda recado para os fascistas,"Jun 22, 2020",3244,115.6167,23,1.662,44244,4.9
3x_Cc3QcON0,ABSURDO! Deputado negro Renato Freitas √© o √öNICO retirado do voo para 'revista aleat√≥ria' da PF,"May 11, 2023",3117,81.0202,-1,1.646,19480,11.19
RHzoGcnNbYc,Reitor bolsonarista interventor √© escrachado por estudantes em Te√≥filo Otoni - MG,"Apr 5, 2023",95537,588.5632,166,1.645,60702,4.65
ypAiZoU3IgI,"Lula promete ""Revolu√ß√£o cultural"" em primeira reuni√£o com todos os Ministros","Jan 6, 2023",3086,44.3332,8,1.62,38346,5.87
pdNZsVQjVIE,N√ÉO AO PL 490! Lideran√ßas ind√≠genas explicam por que PL √© um ataque a vida dos povos origin√°rios,"May 30, 2023",2737,91.0014,6,1.619,41781,4.37
izZEjb32Srg,"""Eles querem golpe e golpe n√£o vai ter"" Lula discursa sobre democracia para ministros e governadores","Jan 10, 2023",4929,63.7056,-2,1.616,36009,10.81
HbEKDxG3cwE,A atriz Maria Flor critica governo e cobra Maia por impeachment de Bolsonaro,"Jan 19, 2021",3458,99.1107,12,1.603,20656,9.35
RI_vmkErs-s,"Alexandre de Moraes, presidente do TSE, l√™ a senten√ßa parcial que torna Bolsonaro ineleg√≠vel","Jun 28, 2023",79646,1467.7507,204,1.594,444131,6.74
8f_s002CGvc,Gin√°sio da Pol√≠cia Federal lotado de bolsonaristas presos por atos antidemocr√°ticos,"Jan 9, 2023",25946,254.9379,51,1.569,92943,8.57
4fprud7MM0o,Cenas dram√°ticas de alagamento em Rio Branco no Acre,"Mar 24, 2023",2660,56.2468,10,1.562,27125,4.48
J0ryRMp4jn0,"Marina Silva promete deixar ""boiada"" de Bolsonaro para tr√°s e focar o combate √†s mudan√ßas clim√°ticas","Jan 4, 2023",2479,50.8007,3,1.538,37908,4.43
gyBzzvLH3TI,"""√â urgente regular as m√≠dias no Brasil!"" CEO do google foge de debate sobre PL das Fake News","May 15, 2023",2991,85.1078,-1,1.525,21025,10.37
eqYxPwsF_ak,Caetano Veloso entrevista: Manuela D'√°vila,"Oct 12, 2018",795,50.2341,6,1.462,58500,1.07
qOIkmc86wPM,"""Romper preconceitos"" Ministra da Sa√∫de N√≠sia Trindade fala sobre utiliza√ß√£o da Cannabis na medicina","Jan 20, 2023",2302,25.1509,5,1.424,32601,4.13
Uea25dGmUFo,#vamoslavotar Centenas de artistas convocam a popula√ß√£o a ir pras urnas,"Oct 27, 2022",6272,205.886,15,1.402,50597,8.38
sna-T2hQPCo,"Digno do ""Sargento Pincel"" V√≠deo mostra ex√©rcito atrapalhado sendo comandado pela PM em Bras√≠lia","Jan 12, 2023",6924,98.6662,4,1.382,57981,5.91
IXvLiIMwVsI,"Em Davos Haddad fala sobre as 3 obsess√µes de Lula: paz, fome e meio ambiente","Jan 17, 2023",3282,47.5527,-2,1.371,29364,7.7
8kh50vMBMcc,100 dias de Lula vs. 100 dias de Bolsonaro: Guilherme Boulos compara atua√ß√£o dos presidentes,"Apr 13, 2023",2518,91.6849,5,1.355,25287,8.01
Bc1Mt0swpXg,Incr√≠vel! Centenas de artistas unidos com uma mensagem #vamoslavotar,"Oct 27, 2022",6359,196.7759,6,1.355,51820,8.34
hWzBmp6xTtw,Eduardo Bolsonaro tomou invertida de Glauber Braga ao criminalizar visita de Dino ao CPX da Mar√©,"Mar 16, 2023",4912,92.2523,6,1.335,35038,11.22
fWEqvgWa1N4,üí™ Lula desafia Elites Globais por uma a√ß√£o real contra a Crise Clim√°tica e combate √†s Desigualdades,"Jun 26, 2023",2523,108.0241,2,1.296,47549,3.31
3zDwSKiZhSo,"Democracia n√£o se garante com arma, mas sim com cultura, afirma Lula","Jan 19, 2023",3170,34.6981,1,1.291,33285,6.62
AWUjq_TMB6c,üí• Confessou crime na tribuna! üí• Deputado Bolsonarista do GO financiou e participou atos golpistas,"Jun 10, 2023",2615,32.8898,0,1.273,15371,10.64
FXDqkFNxdyQ,Henrique Vieira -  Jesus subversivo,"Dec 19, 2017",832,25.8557,11,1.272,5162,6.61
hGtvi6XnOVM,CPMI dos Atos Terroristas | Rog√©rio Carvalho revela os bastidores: o que esperar hoje?,"Jun 13, 2023",1646,32.2329,-1,1.257,10780,9.47
2rM1b07vVFg,F√≥rum de Tiradentes apresenta propostas do setor audiovisual para o minist√©rio da cultura,"Jan 30, 2023",949,14.9542,1,1.253,25005,1.78
MMtWnQhgNMQ,Pedro Cardoso sobre Bolsonaro: O diabo nunca se apresenta como diabo,"Nov 1, 2018",2250,152.9593,13,1.237,16743,10.36
yE55i99tZWg,Caetano Veloso entrevista: Ciro Gomes,"Jun 13, 2018",1549,127.3403,9,1.223,60154,2.02
EyIKt6PnH0c,Abandonaram at√© a moto! Membros da Gavi√µes da Fiel colocam pra correr bolsonaristas em S√£o Paulo,"Nov 2, 2022",4386,72.9395,3,1.216,36667,9.07
dSQLl70mbWU,Dom de Cura e Pajelan√ßa - Ancestralidade e territ√≥rio de cura,"Dec 7, 2021",1667,65.7685,17,1.197,12128,7.38
3M36QIqR4_g,"No dia do Surdo, Regina Cas√© e filha d√£o aula contra o capacitismo","Sep 26, 2020",1339,29.6783,5,1.191,6732,9.8
3KmUtadp8Gk,Brumadinho: 3 anos depois fomos √† cidade do maior crime ambiental da hist√≥ria brasileira,"Jan 25, 2022",2737,78.5119,9,1.175,23360,9.89
JYVtrLvjJ4E,Vira Vira Voto - A m√∫sica da virada,"Oct 19, 2018",3368,72.0572,3,1.175,24914,7.57
PLfUpm9JJ6Y,Primeiro discurso de Erika Hilton a coloca como uma voz potente e necess√°ria na C√¢mara dos Deputados,"Mar 9, 2023",1762,40.145,1,1.148,18080,6.29
Jj0dbE_1S3A,Pastor Henrique Vieira emociona a todos do ato Inter-Religioso para Marielle Franco,"Mar 22, 2018",858,27.4129,13,1.125,7519,7.38
eHPSspeM_NI,"Multid√£o Boliviana marcha √† La Paz sob gritos de ""Guerra Civil""","Nov 12, 2019",5324,129.7649,14,1.121,32092,12.76
_v5UQxiiaK4,Durante invas√£o roubaram armas da sala do GSI no Pal√°cio do Planalto,"Jan 9, 2023",3325,35.8589,6,1.099,32157,8.36
I-FylAUk0CE,Mentira que Desmata!,"May 23, 2023",1637,133.1352,9,1.084,61393,1.94
 -sUJZF8DyDg,Entenda as queimadas na Amaz√¥nia,"Aug 21, 2019",2107,90.5907,15,1.081,22362,6.11
0ME90p9fFwM,Leandrinha Du Art - um corpo que resiste!,"Sep 19, 2017",1858,56.6541,5,1.064,18216,6.65
pslVntKeovQ,"""Aceita a democracia"" Caminhoneiros se revoltam com os bloqueios no MS","Nov 5, 2022",374078,4705.6273,887,1.059,1177281,7.63
f4hA89brjkw,Will Smith faz discurso emocionante ap√≥s vencer 1¬∫ Oscar da carreira,"Mar 28, 2022",1729,52.5576,1,1.025,21320,5.47
nMTQLdScJfw,"""Fui colocado pra fora pela equipe do coronel Roma, do GSI"" afirma o coronel da PMDF","Mar 16, 2023",3912,78.1817,5,1.017,32299,9.41
MS-CJgW952Y,Estado de Emerg√™ncia! Confira imagens impressionantes da situa√ß√£o das enchentes no Maranh√£o,"Mar 28, 2023",1696,29.5644,3,1.005,16998,3.99
xk4gZ55DgOc,Conhe√ßa o Sair√©: O maior festival do oeste do Par√°,"Oct 31, 2019",1205,21.1163,5,0.981,6846,10.21
eVPS7R_dmFw,O que √© garimpo e como ele amea√ßa a Amaz√¥nia? Por Tr√°s do Garimpo - #1,"Apr 18, 2023",1664,44.765,10,0.974,34547,1.67
2Zssv6IVii8,"‚Äú...O problema do Brasil √© a falta de elite"" Importante resposta de Marina Silva a bolsonaristas","May 25, 2023",56390,577.1439,159,0.971,14836,3.79
O7E3X2n-3iE,Frente evang√©lica unida contra Bolsonaro e em defesa da democracia,"Sep 12, 2019",2157,64.4356,23,0.964,29213,5.32
RkJnbk55rqo,Servidores lavam com sal grosso entrada do Minist√©rio da Economia,"Jan 2, 2023",10171,77.9576,9,0.955,40817,5.32
b4F7WEN3Szo,Esse √© o n√≠vel dos senadores bolsonaristas‚Ä¶Marcos do Val √© uma vergonha!,"Jun 16, 2023",48766,388.0834,76,0.954,87117,6.76
TYl9Fh52-bc,Mentira que Desmata! Parte 2,"May 23, 2023",2466,82.8223,-3,0.951,41366,1.51
ceQuSKIv0Ho,Conhe√ßa a bailarina que encantou o festival da posse de Lula,"Jan 5, 2023",2383,35.1692,1,0.951,29163,5.98
GGLt7xshAGY,Lula pede um minuto de sil√™ncio para v√≠timas de Blumenau,"Apr 6, 2023",1513,27.9108,-2,0.943,17424,5.26
ShP1ZvhM6wE,AGRO | EP 17 - Agroecologia,"Mar 21, 2020",1231,45.6766,25,0.943,10707,8.06
LEW5ZCstrw0,Bolsonaristas viram piada na TV Francesa ao dizer que Macron √© de esquerda e comunista,"Nov 7, 2022",2096,27.1817,7,0.942,13573,10.96
bDsAX7jsffk,Nesse dia das M√£es escute o que M√£es de crian√ßas com defici√™ncia t√™m a dizer,"May 12, 2019",1529,42.7126,6,0.925,13838,7.98
QPps9KnJXrE,Tudo o que Dilma falou em 2016 aconteceu,"Nov 8, 2022",3604,57.2619,11,0.911,24172,8.28
gHono5Tu3Fw,Renata Souza e 70 mulheres se abrigam em ONG na Mar√© durante opera√ß√£o policial,"Apr 15, 2023",1371,15.7076,0,0.911,9079,8.91
GKhsSNRg1do,Emocionante discurso de posse de Margareth Menezes,"Jan 3, 2023",11394,77.106,18,0.863,88586,5.78
4IJOtHWzfaE,N√£o ir√£o calar as mulheres parlamentares. Reuni√£o do Conselho de √âtica da C√¢mara do Deputados.,"Jun 14, 2023",2072,59.3127,2,0.857,23540,6.64
gaiLb9j66Lo,Hist√≥rico! S√¥nia Guajajara e Anielle Franco Pal√°cio do Planalto para posse como ministras o Brasil,"Jan 11, 2023",6968,68.9992,3,0.847,38165,17.1
2OKwmXcSxm0,Relato emocionante do ator Silvero Pereira para Xuxa,"Mar 13, 2023",2279,42.0342,2,0.834,21709,7.72
3AnIteg88-Y,"U√Ωra Sodoma, uma drag queen ind√≠gena em defesa da Amaz√¥nia","Jun 14, 2020",762,24.5137,8,0.805,3549,9.58
ZKRoAWpg480,Redu√ß√£o de danos: 6 dicas pra passar um carnaval suave!,"Feb 22, 2020",1152,20.7609,0,0.784,4981,19.76
Mczp3pOsgjQ,"O discurso emocionado de Chadwick Boseman, ator do 'Pantera Negra', no SAG Awards","Aug 29, 2020",2294,58.8106,4,0.782,18125,7.06
 -dZZmd2jhNw,Mcdonald's √© ocupado por manifestantes contra a reforma da previd√™ncia na Fran√ßa,"Mar 22, 2023",929,10.0503,2,0.772,14409,2.77
9Y3uHtFOfQU,"""N√≥s Vamos tirar definitivamente os garimpeiros das terras ind√≠genas"" Lula afirma em Roraima","Mar 16, 2023",800,17.1335,-1,0.769,12571,3.14
Vi2RziKtw-4,Metrovi√°rios de S√£o Paulo entram em greve e Tarc√≠sio descumpre acordo de Catraca Livre,"Mar 23, 2023",1083,18.0274,3,0.749,17169,3.44
5_dLd0bira0,Conhe√ßa o candidato Renato Freitas (PR) | Elei√ß√µes 2022,"Sep 29, 2022",1816,61.4426,15,0.741,23893,5.56
qoAKvZmgdTo,Hamilton relembra vit√≥ria hist√≥rica no Brasil e critica neglig√™ncia de Bolsonaro com a COVID-19,"Apr 23, 2023",2006,33.8165,1,0.738,24489,6.07
zad1u1qnAnA,"""Voc√™ conhece a galoucura?"" Torcida do atl√©tico fez mais que a PRF contra bloqueios bolsonaristas","Jun 21, 2023",38004,432.4582,57,0.738,97560,5.23
3jIZVadlMYk,Henrique Vieira - Porque n√£o votar em Bolsonaro,"Jul 31, 2018",1138,45.1678,8,0.726,19365,4.16
uj437LUfSFk,"Simone Tebet ressalta diverg√™ncias com Lula mas afirma: ""Pobres ser√£o prioridade no or√ßamento""","Jan 5, 2023",1456,25.9531,0,0.709,21651,4.71
_EDdsVKk61Q,Noites Alien√≠genas ‚îÇTrailer oficial,"Feb 27, 2023",1152,20.3549,1,0.698,13147,3.51
NvqXQCPyAFE,1 voto para tornar Bolsonaro ineleg√≠vel por 8 anos! Ministro Benedito Gon√ßalves votou nessa noite,"Jun 28, 2023",35523,549.7223,95,0.677,119407,5.67
_y0tBHxhNTU,Haddad amassou Tarc√≠sio no debate da Globo | Confira os melhores momentos,"Oct 28, 2022",1082,52.4065,3,0.675,18798,4.59
3wmsRmgSJps,"Conhe√ßa a Trafaria, o antigo pres√≠dio que virou ocupa√ß√£o cultural em Portugal","Jul 28, 2019",351,11.9133,1,0.672,1623,7.64
2B4PGwm19lA,Quem matou Marielle? Ligando os pontos,"Jan 23, 2019",2192,82.3103,8,0.671,22595,7.88
ORgifqdxZ6g,Resumo da participa√ß√£o do Lula no debate da Globo,"Sep 30, 2022",2385,120.0765,5,0.671,32695,6.11
xadtRStYH0U,"Lula condena Carrefour ap√≥s professora sofrer racismo ""Neste pa√≠s a gente n√£o vai admitir""","Apr 11, 2023",640,9.4029,0,0.664,4121,7.98
9eS6Q4ll4fY,Fam√≠lias do MTST recebem chaves de 910 apartamentos em Santo Andr√©,"Mar 18, 2019",625,20.4788,5,0.663,3705,11.26
bf-Ceq9Nl6k,Dandara arrasa vereadores de Uberl√¢ndia e denuncia lei municipal que veta educa√ß√£o sexual em escolas,"Jun 16, 2023",451,11.5643,-2,0.641,3738,4.68
 -xYXIQ1lJq4,Ativistas pela taxa√ß√£o das grandes fortunas s√£o detidos em manifesta√ß√£o dentro do Capit√≥lio,"Mar 28, 2023",544,6.2663,1,0.64,15868,2.65
qvuyb3OrU-A,Eliziane Gama botou ordem na CPMI dos atos golpistas!,"Jun 20, 2023",34385,327.6174,61,0.639,86612,6.46
84PTl5O9YNQ,Ex-presidente Bolsonaro dormia com um cilindro de oxig√™nio ao lado da cama,"Jan 6, 2023",211342,2417.4641,210,0.634,115965,5.89
EI0pTdRGYHM,Crian√ßa de 3 anos √© levada por pipa durante festival em Taiwan,"Aug 31, 2020",1278,17.3401,0,0.63,6100,10.3
IKSWfgZLKMA,Perfil VQQ | Marielle Franco - PSol,"Sep 25, 2016",1014,24.3553,6,0.627,7731,9.08
0HZMctfjgxQ,Confira o discurso de Lula na √≠ntegra,"Nov 10, 2019",1602,159.8291,5,0.613,14928,7.48
JZXvo6Fpx2I,Debora Oliveira explica como foi expulsa da Igreja Universal.,"Oct 27, 2016",1470,47.3949,6,0.599,18680,6.18
CFYJD9xi5Vc,"Cobertura do dia 2 de Fevereiro, dia de Iemanj√° em Salvador (2020)","Feb 2, 2021",884,13.737,6,0.592,6866,6.71
H8-O2_JuILo,Guilherme Boulos | Por que Ocupamos?,"Apr 19, 2017",834,37.7758,7,0.587,6706,4.98
fXB9M0Xj174,Bolsonaro exposto: Fernanda Melchiona na CPMI revela conspira√ß√£o em 1 minuto!,"Jun 7, 2023",34191,340.9906,81,0.587,24191,4.56
3hawVyRLHuw,Caetano Veloso Entrevista Daniela Mercury,"Feb 14, 2019",612,90.5517,5,0.586,11747,3.87
hKS4CaYrIWs,Homem morreu por falta de macas em hospitais por ser gordo e teve o caix√£o preenchido com lixo,"Jan 16, 2023",1689,20.9767,-3,0.577,19748,4.87
jUxA7YnkdI4,Imagens a√©reas do vel√≥rio do Pel√©,"Jan 2, 2023",949,9.6622,-2,0.576,17502,2.44
w3ciHZgzhVw,Epis√≥dio 2 - A m√£e do Brasil √© ind√≠gena ‚îÇ Marac√°,"Aug 26, 2020",943,66.3578,12,0.575,19545,3.33
Y5ECwWdL5UE,"Davi Kopenawa, L√≠der Yanomami refor√ßa a den√∫ncia sobre invas√£o de seu territ√≥rio pelo garimpo ilegal","Mar 15, 2023",589,9.9232,-2,0.571,8790,3.7
TQ9hmnt9rVg,M√≠dia Ninja entrevista Filipe Ret,"Mar 27, 2018",1216,43.828,6,0.57,12361,7.93
RfVOxqUfKc4,Empres√°rio gastou 40 mil reais com alimenta√ß√£o para acampamento golpista em Minas Gerais,"Jan 11, 2023",39431,406.5303,56,0.569,88064,7.81
cjlT3-XXWNA,"""Eu sou um de voc√™s!"" Confira o discurso completo de Lewis Hamilton, o mais novo cidad√£o brasileiro","Nov 7, 2022",1550,46.163,5,0.569,20575,6.3
amtCiL651hQ,Muito Fofo! Movimento de crian√ßas v√£o em grupo de bicicleta para escola se espalha pela Europa,"Mar 20, 2023",778,11.8201,-1,0.566,10795,3.5
V0rIr8Bdz3g,Aula de Pol√≠tica | Live de Anitta com Gabriela Prioli,"May 10, 2020",795,77.741,5,0.563,8629,5.46
fazI2wKXdZE,Michael B. Jordan e Jonathan Majors honram Angela Bassett ap√≥s a perda de Melhor Atriz Coadjuvante,"Mar 13, 2023",11678,27.9975,5,0.545,64077,12.75
0Ddoip0dRxU,Lula desmente fake news bolsonarista sobre o MEI,"Oct 29, 2022",1012,19.0172,1,0.542,7257,11.74
bLXqJxienxM,O ex-presidente fuj√£o voltou! Boulos n√£o deixa barato e desmascara a farsa que √© Bolsonaro,"Mar 31, 2023",33020,345.17,99,0.528,54531,5.4
mt3qB0sxbW4,Lula destaca combate ao √≥dio e a promo√ß√£o da cultura da paz em sua avalia√ß√£o de 100 dias no governo,"Apr 10, 2023",619,8.3279,-1,0.524,6155,5.49
qmuey4kCc9M,Michelle Yeoh √© a primeira mulher asi√°tica a levar oscar de melhor atriz,"Mar 13, 2023",1054,24.4801,0,0.511,14009,5.45
tPWemHn6juU,Del√≠rios Ut√≥picos de Claudio Prado - Crian√ßas √çndigo e as M√°fias do s√©c. XX,"Aug 7, 2017",367,36.1276,4,0.51,7085,3.49
eWBYtLkgovc,"Movimentos culturais celebram Maria Marighella, nova presidenta da Funarte","Mar 6, 2023",885,12.2155,0,0.509,12135,4.15
LxNH-ZMXUYY,Confira os melhores momentos da vit√≥ria de Lula na Av Paulista,"Nov 1, 2022",1473,39.1733,8,0.498,12800,8.42
ioC_ncPej7A,"Conhe√ßa Txai Suru√≠, √∫nica brasileira a discursar na abertura da COP26","Nov 4, 2021",372,13.4074,4,0.498,2912,7.93
FlZ0zOty0zU,N√£o eram nem 9 horas da manh√£ e essa era a fila pra posse do Lula #shorts,"Jan 1, 2023",15129,91.7701,45,0.496,146406,5.92
jI_d__zJb7Q,Ludmilla contou √† M√≠dia NINJA sobre os desafios de cantar samba na Sapuca√≠ pela primeira vez,"Feb 23, 2023",755,7.9653,-6,0.496,11467,3.19
CULhDaIA3c8,Alexandre de Morais quer obrigar redes sociais a filtrar automaticamente conte√∫do de √≥dio e violento,"Apr 18, 2023",1072,38.045,0,0.493,13071,6.65
UgZp3KQxCLs,Discurso de Lula em S√£o Bernardo - Sindicato dos Metal√∫rgicos do ABC,"Apr 8, 2018",1537,68.7781,2,0.491,12191,9.35
ktf8XwdEKck,Tu√≠ra Kayap√≥ responde ao deputado Jos√© Medeiros (Pode-MT),"Apr 26, 2019",927,19.8599,2,0.487,14352,5.15
fiQeuDi98hY,"Lula para Bolsonaro: ""Vem falar de quadrilha comigo? Ele precisava se olhar no espelho"" #shorts","Sep 30, 2022",71508,930.6313,294,0.485,54881,5.16
EJivkwxl9jE,Cida Gon√ßalves toma posse como ministra das Mulheres,"Jan 3, 2023",1254,14.95,3,0.478,22399,2.75
igysZILb60E,Caetano Veloso Entrevista Henrique Vieira - Parte 2,"Dec 18, 2018",610,84.0918,5,0.478,12024,2.79
kgSy3Nrxrh8,Lula vai colocar a PF para revelar quem mandou matar Marielle,"Oct 17, 2022",61261,642.2244,187,0.478,160631,6.98
4b4wDffHJnA,"Lula fala ap√≥s resultado do 1¬∫ turno: ""Eu adoro fazer campanha. E teremos mais 28 dias.""","Oct 3, 2022",852,15.7383,3,0.468,2708,6.35
qnGbkLwRtqo,Lula sobe a rampa do Pal√°cio do Planalto e recebe a faixa presidencial #shorts,"Jan 1, 2023",23935,309.0841,58,0.467,194376,6.47
gGpltAhuayY,Lula com ind√≠genas no Acampamento Terra Livre em Bras√≠lia,"Apr 12, 2022",878,35.0569,4,0.453,3205,4.52
ratAF1NZzwA,Discurso do Pastor Henrique Vieira no Ato em defesa da Democracia,"Apr 3, 2018",401,16.5615,5,0.453,3542,6.15
jc1wpjxRK-U,"Entenda o Green New Deal, proposta economica para combater as mudan√ßas clim√°ticas","Apr 27, 2020",224,14.7064,2,0.449,2167,6.51
bdCufTN5YmU,"Manuela D'√Åvila sobre VazaJato ""No dia das m√£es, um hacker me contatou e mudou a hist√≥ria do Brasil""","Apr 2, 2021",585,45.0493,4,0.446,7540,5.92
i29UR49wwdo,"Dom de Cura e Pajelan√ßa - Do Cumaru, Kumaruara, um povo com o nome da cura","Dec 7, 2021",625,27.3354,5,0.433,6455,6.34
jTxpT3QqJIY,"Artista fazem o ""L"" em apoio ao Lula no primeiro turno","Sep 21, 2022",1565,25.4931,3,0.43,14261,8.86
N88Hrl1RHiA,Recep√ß√£o calorosa para Bolsonaro hoje na ALESP! INELEG√çVEL!,"Jun 26, 2023",23235,195.9393,41,0.426,55568,5.16
9LBtA4VXdwQ,"Lula se emociona ao falar da situa√ß√£o de pobreza no pa√≠s ""Temos que ficar indignados"" #shorts","Oct 27, 2022",1483,19.0523,4,0.424,15108,7.33
mSilpt1iNfs,"O primeiro Oscar da √çndia com a m√∫sica NAATU NAATU do filme ‚ÄôRRR: Revolta, rebeli√£o, revolu√ß√£o","Mar 13, 2023",917,9.7845,-1,0.419,10605,3.13
A3PDwfyPwl4,Conhe√ßa a candidata Erika Hilton (SP)| Elei√ß√µes 2022,"Sep 30, 2022",804,20.5994,7,0.416,17911,3.42
C77CBfJZRVI,"Conhe√ßa Ermelinda, ou Yep√°rio, ind√≠gena Tukano","Jul 16, 2019",396,8.3467,3,0.411,2854,5.78
8OJzcm9lOXI,"Vira Voto, cresce a mobiliza√ß√£o de artistas para virar votos pro Lula no 1¬∫ turno","Sep 23, 2022",1699,32.8714,7,0.404,12820,10.76
EA7uAZcxhXk,Melhores Momentos de Lula no Debate da Band,"Aug 29, 2022",952,31.8364,3,0.404,9560,7.29
mc-Y4pyjtco,"CRUZADA PELA PAZ: na Espanha, Lula prop√µe G20 da paz e critica conselho de seguran√ßa da ONU","Apr 26, 2023",588,18.4799,0,0.404,7594,6.43
heQap45AFZ8,Sonia Guajajara exp√µe deputados do agro que querem tirar de seu minist√©rio o poder de demarca√ß√£o,"Apr 25, 2023",1144,42.1346,0,0.399,10513,9.09
ZT1SZH_ODIs,"Primeira ministra ind√≠gena da hist√≥ria, Sonia Guajajara faz discurso afiad√≠ssimo em sua posse","Jan 12, 2023",1096,13.1229,2,0.398,18611,4.57
FSHD4QxTAJ4,Caetano Veloso entrevista Alessandro Molon para entender o Or√ßamento Secreto,"Oct 14, 2022",392,24.5832,5,0.395,6772,2.63
nZXoT5mKeJk,Discurso de Sonia Guajajara para Lula durante o Acampamento Terra Livre 2022,"Apr 16, 2022",983,44.1534,3,0.395,9963,7.45
EZksWqqn8Ag,Audi√™ncia P√∫blica - Escolas no Combate √†s Fake News e ao Discurso de √ìdio,"May 12, 2023",1999,108.0669,1,0.394,58830,1.99
p94RFczEhIo,Mentira que Desmata! Parte 3,"May 23, 2023",1087,34.4607,1,0.392,37287,1.21
VKmHWRxsIwc,Epis√≥dio 4  - Antropoceno ‚îÇMarac√°,"Aug 30, 2020",351,29.1564,7,0.391,6091,3.74
dPkNLaQli1o,Dom de Cura e Pajelan√ßa - A morte da paj√© Tupinamb√° e o canto final,"Dec 7, 2021",335,10.0427,1,0.387,3068,4.53
GRU8J_5kVwc,‚ú® Hist√≥rico! ‚ú® Randolfe compara Lula √† Mandela em discurso emocionante durante sabatina de Zanin!,"Jun 22, 2023",545,27.3932,1,0.377,5897,7.21
aZJFaeTTfDA,A RAINHA DA AMAZ√îNIA! Cientistas chegam pela primeira vez na maior √°rvore da Amaz√¥nia!,"Oct 4, 2022",682,17.4283,2,0.367,5344,8.7
c7Ue71JDj2o,1 ano: Homenagem NINJA √† Marielle Franco (vers√£o acess√≠vel),"Mar 14, 2019",771,22.7198,2,0.366,6951,7.71
j3dQTUlqqPw,"Vinicius Junior se pronuncia: ""Aceitem, respeitem ou surtem. Eu n√£o vou parar de bailar""","Sep 17, 2022",585,12.327,0,0.362,2532,13.39
DhyIhJC0dog,AGRO | EP 18 - Produ√ß√£o na agroecologia,"Mar 22, 2020",382,15.5359,5,0.361,3117,7.6
I4rRIYldu10,Discurso completo de Lula em Recife para uma multid√£o,"Nov 18, 2019",966,82.0253,1,0.35,13116,5.52
tOq2QDjBGiM,Moro desconhece a Lei de Execu√ß√£o Penal | Luis Carlos Valois,"Aug 6, 2019",455,32.2896,11,0.349,3335,11.3
IC5WVrL5J4s,S√©rie Guardi√£s da Floresta - Epis√≥dio Joenia Wapichana,"Apr 30, 2021",4797,376.4867,110,0.337,38216,8.57
VjZAT_ep3Po,Discurso de Guilherme Boulos  para multid√£o no ato Vai Ter Resist√™ncia,"Oct 31, 2018",799,21.4071,1,0.334,5854,9.57
8HgmuOUkFsw,"Proje√ß√£o nos EUA chama Jair Bolsonaro, Donald Trump e aliados de Ratos da Fl√≥rida e Fam√≠lia do Crime","Jan 17, 2023",7163,74.7241,8,0.326,25194,18.84
a9ifQdaIjVE,Padre Julio Lancellotti pede perd√£o √† comunidade LGBTQI+,"Jul 16, 2020",826,16.6965,8,0.326,8146,7.44
fdcDZ-U736c,Confira 10 momentos emocionantes do Carnaval 2022,"Apr 24, 2022",736,10.8651,0,0.32,8599,6.16
CEwZwYCTif8,"Moraes exige das Big Techs rigor contra √≥dio e viol√™ncia, equiparando a filtros de direitos autorais","Apr 19, 2023",600,19.0445,0,0.317,7299,7.08
B11jBopsX5w,Voc√™ sabe quem s√£o os trabalhadores sem teto? Conhe√ßa a verdade,"Nov 8, 2020",431,11.1922,5,0.312,3784,8.17
Cd9-SgZ8-Ig,Bernardo Boechat | Ser gordo √© doen√ßa??,"May 4, 2017",602,19.591,4,0.312,4987,9.89
H7SOk2p17D0,Caetano Veloso se emociona muito em seu primeiro show depois da morte de Gal Costa,"Nov 21, 2022",614,14.2922,3,0.308,5420,9.67
jfsat4RxB-s,Sonia Guajajara manda recado para Kim Kataguiri,"Jun 26, 2019",1000,15.6054,2,0.307,5782,14.65
 -FsboDCBXJ0,Pastor Henrique Vieira Emociona a todos no com√≠cio de Fernando Haddad,"Oct 24, 2018",373,15.545,1,0.297,4666,5.12
c3EfWmmKWk4,S√£o Paulo contra Bolsonaro - #EleN√£o,"Sep 30, 2018",679,12.3694,1,0.297,4882,10.94
NEaOX7QFxQU,AGRO | EP 9 - A agricultura convencional,"Mar 13, 2020",463,15.586,2,0.296,2530,12.69
LrLcaqvy7IY,"Criolo e Diogo Nogueira cantam em apoio a Lula interpretando a m√∫sica ""Ju√≠zo Final""","Oct 28, 2022",475,6.8668,0,0.294,2511,6.17
jrAv2sDbXNw,Racismo e educa√ß√£o: Escurecendo esse debate | Marcelo Rocha,"Mar 29, 2018",404,13.3733,6,0.293,1194,12.31
fXLVv1I8v4c,Henrique Vieira - Religi√£o e Pol√≠tica,"Feb 27, 2018",359,11.5657,1,0.292,2483,8.5
xHk_gfia3AY,A Amaz√¥nia que voc√™ n√£o conhece especial Visibilidade L√©sbica,"Aug 29, 2020",48,0.3735,0,0.291,315,0
Iu8lIlwyCzE,Bolsonaro caiu igual ao Al Capone!,"Jun 14, 2023",15640,174.5241,42,0.285,27406,4.04
W0mn9v8I9UQ,"Ganhou uma carreta e 200mil reais apostando em Lula, mas devolveu tudo ""Eu queria ajudar o povo""","Nov 4, 2022",1549,22.8845,3,0.285,20765,6.01
dcy_yt01m-E,Simone Tebet em encontro com artistas fala sobre a import√¢ncia de se posicionar nesse 2¬∫ turno,"Oct 18, 2022",622,15.0417,2,0.278,7990,6.28
Oru8o5KTIe8,DISCORD E A VIOL√äNCIA CONTRA MENORES - EXPRESSO COM MANU 29/06/23,"Jun 29, 2023",2151,64.8251,1,0.271,33326,0.99
a2PZKVsjZRE,Jo√£o Brasil entrevista Sab√£ozinho‚îÇWebs√©rie Funk Brasil Entrevista,"Feb 4, 2021",492,28.8133,5,0.268,1271,5.9
hE1mUJHhOCI,Henrique Vieira | Quando o cristianismo esconde Jesus Cristo,"Jul 30, 2017",381,11.7915,5,0.266,3797,5.56
yc8vycXjo8Q,Pastor Henrique vieira - P√°scoa de Resist√™ncia e da Esperan√ßa,"Apr 19, 2019",176,4.4204,1,0.263,748,7.49
Dna8ipWi0Jo,Depoimento do homem que foi amea√ßado por Carla Zambelli,"Oct 30, 2022",1083,15.6903,5,0.255,15712,5.46
7bbR6XIjJqU,"F√£ de Foo Fighters √© perguntada sobre o show, fala de Bolsonaro e deixa rep√≥rter desnorteado #shorts","May 4, 2023",14336,90.2965,28,0.252,33748,5.85
U5wri7H9dsM,Conhe√ßa o casal de cantoras l√©sbicas que toca o cora√ß√£o de Santa Catarina,"Aug 4, 2020",390,4.2467,2,0.251,2975,2.49
1ED4dwc3G-k,LEVANTE PELA TERRA - Pelo direito √† vida e ao territ√≥rio dos povos ind√≠genas,"Jun 23, 2021",364,12.8572,2,0.25,2953,5.52
x-5m2i0P2tk,Baiana System - Lucro - Ao vivo no Ato pelas Diretas J√° em Salvador,"Jun 15, 2018",533,12.7677,0,0.249,2816,11.29
4l4Y9AbRWkA,IPVA pra jatinho e iate vai entrar na Reforma Tribut√°ria. Agora √© batalhar pela isen√ß√£o dos motoboys,"Jun 10, 2023",14204,116.0057,32,0.246,20404,2.88
xAg1b8Rfl3A,CHEGA DE AGROT√ìXICOS - entrevista com Larissa Bombardi,"Jul 1, 2022",203,25.7479,6,0.246,602,10.3
HjXoW-j1_Bc,Vitor diCastro lista 5 motivos pra n√£o votar em Bolsonaro de jeito nenhum! Confira,"Oct 25, 2022",608,23.9205,4,0.244,6342,7.46
X2YGlWfdavY,"Se comparar fica evidente, Bolsonaro √© s√≥ atraso","Oct 17, 2022",42178,501.4903,107,0.244,3949,1.7
r6vyS3iW3ls,Denise Fraga emociona a todos no Ato pela Democracia com Lula,"Oct 27, 2022",621,12.3162,1,0.244,8355,6.07
HIp1vfRoV-c,Ep1. Paris Borges - Policial Trans fala sobre seguran√ßa p√∫blica,"Jun 10, 2019",471,21.7744,4,0.241,1404,10.68
FoeTp1YaW4I,"Del√≠rios Ut√≥picos de Claudio Prado - Minist√©rio da Felicidade, Drone e a porraloquice do s√©culo 21","Oct 5, 2017",230,21.7452,1,0.24,2366,5.11
mPBjnNbwgv4,momentos mais marcantes do Barba com Caue Moura e Load no Desce a Letra Show,"Oct 24, 2022",615,29.3961,4,0.24,7853,6.21
n7MtKE78vWg,"Chris Martin, do Coldplay, foi a uma roda de Samba em um bar de S√£o Paulo neste domingo","Mar 20, 2023",14275,81.2199,21,0.24,72455,8.75
_FpOVyJKPEs,"Del√≠rios conversa com Pedro Cardoso, ator, humorista e.. escritor! FliArax√° 2017","Nov 18, 2017",479,35.4065,5,0.236,6703,4.49
CdT2zLipypY,Aula de Pol√≠tica 2 | Live de Anitta com Gabriela Prioli,"May 16, 2020",271,51.4695,1,0.231,4303,4.37
Gvl21HpGlx4,Lula relan√ßa Programa de Aquisi√ß√£o de Alimentos,"Mar 23, 2023",14651,101.8908,37,0.23,62159,9.81
k-2Br59YbIg,Aula de Pol√≠tica 3 | Live de Anitta com Gabriela Prioli,"May 30, 2020",180,32.5149,0,0.228,1914,5.69
AxHf5S4tpic,"Em novo filme, Eliza Capai tra√ßa um panorama atual do movimento estudantil no pa√≠s","Aug 9, 2019",173,7.1643,4,0.227,1935,5.89
cUUIgdyyog4,A hist√≥ria subversiva do nascimento de Jesus - Pastor Henrique Vieira,"Dec 23, 2018",195,6.1405,3,0.227,3194,3.82
kyMO47IidVk,N√£o existe d√©ficit da previd√™ncia | com Maria L√∫cia Fattorelli,"Jun 25, 2019",199,11.9549,5,0.226,1465,6.42
Fx1ft0g55b0,Hanaiti Ho'√∫nevo T√™renoe | 10¬™ Grande Assembleia do Povo Terena,"Aug 23, 2017",388,19.9339,0,0.221,4003,5.05
WxFO6KxkhOY,"Do NADA! Padre de festa junina, Kelman, aparece na CPI do MST","Jun 20, 2023",11157,50.6169,9,0.221,11928,3.86
aAjAic_oUZI,"Sergio Moro, a tua hora vai chegar! #SergioMoroNaCadeia","Jun 9, 2023",12926,95.9303,19,0.218,36727,4.47
V36cV3M55ug,Quilombo de Santana espera regulariza√ß√£o de suas terras h√° mais de 20 anos,"Apr 18, 2019",199,6.8037,1,0.217,1406,6.54
W0yVBUj2-Xg,Conhe√ßa a candidata Sonia Guajajara (SP)‚îÇElei√ß√µes 2022,"Sep 9, 2022",366,8.838,2,0.216,7916,3.44
J03d2cSwuNQ,Majur canta Tan Kalakatan de Mayra Andrade na Casa NINJA Bahia,"Jan 18, 2020",360,12.9696,5,0.215,2448,10.09
lyQEO_OyRtk,Piores momentos da reuni√£o ministerial,"May 22, 2020",409,12.94,1,0.215,2511,12.9
MWVr63iPueY,N√£o h√° simetria entre quem mata e quem morre | Guilherme Boulos no Roda Viva #shorts,"Oct 4, 2022",205844,2239.2563,551,0.213,14171,4.43
dB-tvLIgsEs,Bom dia grupo! Hoje √© dia de maldade com S√©rgio Moro,"Jul 5, 2019",293,4.2759,1,0.209,939,12.03
FOqK1J90kMk,"Manifesto contra Bolsonaro, pelo poeta Lucas Afonso","Sep 12, 2019",274,9.1809,3,0.207,4012,4.54
